Student_ID,Gender,Age,Semester,Study_Hours_Per_Day,Assignment_Load,Sleep_Hours,Attendance_Percentage,Screen_Time_Hours,Caffeine_Intake,Extracurricular_Hours,Exam_Pressure,Financial_Stress,Social_Support,Stress_Level
0,1,18.0,5.0,6.0,4.0,6.3,79.0,8.3,1.0,5.0,2.0,9.0,2.0,2
1,0,18.0,1.0,8.0,2.0,6.1,78.0,6.5,1.0,4.0,10.0,1.0,9.0,1
2,1,23.0,7.0,8.2,4.0,7.7,93.0,6.1,4.0,2.0,1.0,3.0,7.0,1
3,0,20.0,3.0,6.1,4.0,5.8,86.0,6.1,0.0,0.0,7.0,2.0,6.0,2
4,0,22.0,5.0,5.5,1.0,3.6,94.0,3.6,4.0,0.0,7.0,2.0,9.0,1
5,0,24.0,6.0,3.9,10.0,5.0,77.0,7.6,5.0,0.0,1.0,4.0,5.0,2
6,1,24.0,4.0,3.2,2.0,4.4,89.0,9.9,2.0,3.0,6.0,3.0,6.0,1
7,0,19.0,5.0,4.5,2.0,6.6,75.0,4.2,4.0,5.0,4.0,3.0,8.0,1
8,0,20.0,4.0,3.9,6.0,6.7,68.0,4.7,1.0,0.0,6.0,7.0,5.0,2
9,1,19.0,6.0,5.8,4.0,5.6,96.0,6.4,3.0,5.0,8.0,3.0,5.0,2
10,1,19.0,5.0,3.8,10.0,9.0,92.0,7.0,4.0,3.0,6.0,4.0,3.0,2
11,0,18.0,1.0,2.9,2.0,7.7,74.0,4.6,5.0,1.0,7.0,10.0,2.0,2
12,0,21.0,8.0,5.4,9.0,3.6,81.0,4.3,4.0,0.0,2.0,9.0,5.0,0
13,0,18.0,5.0,5.4,7.0,7.6,75.0,7.3,3.0,0.0,5.0,9.0,3.0,0
14,1,24.0,5.0,4.8,9.0,6.0,77.0,4.0,1.0,2.0,3.0,9.0,9.0,2
15,1,22.0,6.0,3.6,8.0,5.8,66.0,9.1,0.0,2.0,5.0,4.0,1.0,0
16,1,22.0,2.0,5.7,2.0,3.9,96.0,7.6,0.0,4.0,3.0,3.0,8.0,1
17,1,20.0,7.0,4.2,4.0,5.5,99.0,8.2,5.0,5.0,4.0,5.0,7.0,2
18,0,21.0,8.0,7.1,2.0,7.9,80.0,5.3,1.0,0.0,6.0,1.0,10.0,1
19,1,22.0,4.0,4.4,1.0,7.0,69.0,9.0,5.0,5.0,1.0,4.0,2.0,1
20,1,24.0,6.0,4.0,2.0,6.2,97.0,4.8,1.0,2.0,8.0,4.0,9.0,1
21,1,23.0,8.0,2.6,4.0,7.7,95.0,9.7,3.0,1.0,2.0,2.0,7.0,1
22,0,21.0,7.0,4.9,8.0,8.0,68.0,7.7,5.0,5.0,2.0,1.0,7.0,1
23,0,24.0,2.0,3.7,4.0,7.0,77.0,10.1,1.0,4.0,8.0,3.0,7.0,2
24,1,20.0,8.0,4.9,4.0,8.8,69.0,2.0,3.0,4.0,2.0,1.0,9.0,1
25,1,18.0,4.0,6.6,3.0,6.6,91.0,6.4,3.0,3.0,4.0,7.0,1.0,2
26,1,21.0,1.0,5.2,7.0,3.5,81.0,6.6,3.0,2.0,7.0,9.0,8.0,0
27,1,19.0,5.0,5.7,4.0,8.7,68.0,6.0,4.0,5.0,9.0,1.0,6.0,1
28,1,18.0,8.0,3.4,9.0,5.7,98.0,8.8,1.0,0.0,9.0,2.0,3.0,0
29,1,22.0,2.0,5.7,4.0,5.7,90.0,8.0,0.0,4.0,4.0,10.0,10.0,2
30,1,22.0,2.0,5.2,7.0,8.0,98.0,5.6,2.0,2.0,4.0,6.0,4.0,2
31,0,21.0,3.0,4.3,5.0,5.9,94.0,4.1,2.0,0.0,1.0,8.0,10.0,1
32,1,18.0,4.0,5.6,9.0,6.9,81.0,7.0,1.0,2.0,2.0,4.0,6.0,2
33,0,19.0,8.0,4.5,9.0,4.4,84.0,6.2,4.0,5.0,9.0,1.0,9.0,2
34,0,23.0,2.0,4.3,3.0,5.3,81.0,6.7,0.0,0.0,9.0,3.0,5.0,2
35,0,22.0,4.0,5.8,6.0,9.0,78.0,7.3,5.0,5.0,5.0,9.0,8.0,2
36,0,24.0,1.0,5.5,2.0,6.4,92.0,3.2,2.0,0.0,1.0,6.0,3.0,1
37,0,19.0,8.0,4.9,9.0,6.6,92.0,11.9,4.0,0.0,2.0,2.0,3.0,2
38,1,24.0,6.0,4.6,10.0,7.0,100.0,6.9,1.0,3.0,3.0,1.0,5.0,2
39,0,24.0,1.0,2.7,6.0,8.2,78.0,8.5,5.0,1.0,2.0,6.0,9.0,1
40,0,22.0,3.0,6.6,4.0,5.1,75.0,9.8,1.0,3.0,1.0,3.0,6.0,1
41,0,24.0,4.0,2.2,5.0,7.4,75.0,11.4,5.0,0.0,7.0,1.0,8.0,1
42,1,19.0,8.0,3.0,6.0,5.7,84.0,7.2,1.0,1.0,1.0,4.0,7.0,1
43,0,20.0,2.0,4.0,5.0,4.2,87.0,7.1,5.0,4.0,7.0,9.0,6.0,0
44,1,18.0,5.0,2.9,3.0,7.2,81.0,5.2,0.0,0.0,10.0,7.0,6.0,2
45,0,21.0,2.0,8.1,7.0,5.3,77.0,6.4,2.0,0.0,7.0,1.0,9.0,2
46,1,20.0,7.0,6.6,2.0,4.7,86.0,7.5,4.0,2.0,2.0,5.0,9.0,1
47,0,23.0,7.0,7.6,6.0,4.1,90.0,7.4,5.0,2.0,9.0,3.0,4.0,0
48,0,23.0,7.0,5.5,3.0,7.7,84.0,4.5,3.0,4.0,1.0,5.0,5.0,1
49,1,21.0,6.0,2.4,8.0,7.3,93.0,7.6,3.0,5.0,4.0,9.0,8.0,2
50,1,23.0,2.0,5.5,5.0,7.0,97.0,5.6,5.0,5.0,10.0,6.0,2.0,0
51,1,23.0,5.0,5.5,4.0,6.9,77.0,5.6,1.0,0.0,1.0,4.0,8.0,1
52,1,21.0,7.0,8.7,10.0,7.2,77.0,4.6,5.0,5.0,7.0,8.0,7.0,0
53,1,19.0,1.0,6.3,2.0,5.0,92.0,8.6,1.0,1.0,9.0,8.0,1.0,0
54,1,24.0,2.0,7.3,8.0,5.3,73.0,8.9,3.0,5.0,9.0,9.0,10.0,0
55,0,24.0,8.0,5.8,10.0,7.7,97.0,10.8,3.0,4.0,8.0,3.0,8.0,2
56,0,20.0,4.0,4.5,5.0,5.4,98.0,5.2,3.0,5.0,4.0,5.0,8.0,1
57,1,23.0,5.0,3.4,4.0,6.4,82.0,7.7,2.0,2.0,9.0,2.0,3.0,2
58,1,19.0,7.0,5.6,3.0,7.7,78.0,7.0,0.0,3.0,7.0,6.0,9.0,1
59,0,21.0,1.0,7.9,4.0,6.1,91.0,12.4,3.0,4.0,1.0,10.0,7.0,2
60,0,18.0,6.0,6.3,5.0,5.2,89.0,4.9,3.0,4.0,9.0,10.0,4.0,0
61,0,19.0,5.0,6.0,7.0,6.2,96.0,8.4,0.0,3.0,6.0,7.0,3.0,0
62,0,19.0,1.0,5.9,7.0,6.4,66.0,5.3,0.0,5.0,7.0,3.0,8.0,2
63,1,18.0,5.0,2.0,7.0,5.8,85.0,8.7,1.0,3.0,6.0,6.0,7.0,2
64,0,24.0,7.0,5.4,5.0,4.6,70.0,7.3,3.0,0.0,9.0,1.0,6.0,2
65,1,23.0,2.0,5.8,1.0,5.2,66.0,7.3,1.0,1.0,1.0,10.0,3.0,2
66,1,19.0,8.0,5.1,2.0,4.8,78.0,7.7,3.0,5.0,5.0,6.0,3.0,2
67,1,24.0,3.0,6.1,5.0,8.1,71.0,9.1,4.0,0.0,5.0,10.0,7.0,2
68,0,23.0,4.0,2.2,2.0,5.1,80.0,8.0,0.0,5.0,5.0,10.0,2.0,2
69,1,20.0,7.0,6.0,6.0,7.3,69.0,14.0,4.0,5.0,6.0,1.0,7.0,2
70,0,18.0,7.0,6.1,6.0,8.2,94.0,8.9,5.0,1.0,7.0,3.0,9.0,2
71,0,22.0,8.0,6.3,8.0,6.0,92.0,8.5,5.0,4.0,5.0,6.0,4.0,0
72,1,20.0,8.0,3.5,4.0,6.1,94.0,6.0,4.0,4.0,7.0,6.0,1.0,2
73,0,24.0,6.0,5.2,3.0,9.0,96.0,3.3,1.0,2.0,5.0,6.0,5.0,1
74,0,22.0,1.0,6.4,9.0,4.1,77.0,6.1,0.0,1.0,7.0,8.0,9.0,0
75,1,23.0,8.0,7.2,8.0,6.6,93.0,4.8,0.0,0.0,5.0,4.0,7.0,2
76,1,20.0,6.0,3.6,8.0,7.5,100.0,5.5,4.0,2.0,7.0,9.0,6.0,0
77,0,23.0,8.0,5.4,5.0,6.6,84.0,5.7,2.0,1.0,2.0,4.0,6.0,1
78,1,23.0,3.0,9.3,4.0,7.5,78.0,2.9,5.0,3.0,5.0,10.0,9.0,2
79,0,18.0,4.0,5.4,5.0,5.5,79.0,8.7,2.0,1.0,5.0,1.0,9.0,1
80,1,20.0,1.0,3.4,1.0,6.3,100.0,8.0,2.0,5.0,3.0,8.0,2.0,1
81,1,22.0,5.0,6.7,8.0,4.7,95.0,6.3,3.0,2.0,3.0,1.0,5.0,2
82,0,18.0,2.0,4.1,7.0,5.5,96.0,10.5,0.0,4.0,1.0,3.0,3.0,2
83,0,18.0,4.0,5.8,2.0,4.6,100.0,8.8,3.0,4.0,10.0,10.0,4.0,0
84,0,21.0,8.0,9.2,5.0,8.0,92.0,4.0,2.0,4.0,10.0,1.0,10.0,1
85,1,24.0,4.0,4.0,4.0,8.4,81.0,5.6,5.0,0.0,3.0,4.0,3.0,1
86,1,19.0,1.0,5.9,7.0,7.7,93.0,5.1,5.0,4.0,8.0,5.0,1.0,0
87,1,20.0,5.0,4.9,8.0,3.0,69.0,5.0,5.0,1.0,5.0,10.0,4.0,0
88,0,18.0,4.0,4.5,3.0,4.6,82.0,10.3,1.0,0.0,1.0,3.0,5.0,1
89,0,21.0,2.0,2.1,8.0,5.8,84.0,7.3,5.0,3.0,5.0,9.0,9.0,2
90,0,21.0,2.0,7.9,10.0,4.3,67.0,9.3,3.0,5.0,6.0,10.0,5.0,0
91,1,18.0,4.0,5.0,10.0,5.0,66.0,7.9,5.0,2.0,10.0,1.0,3.0,0
92,0,22.0,8.0,5.4,5.0,5.6,76.0,7.1,4.0,3.0,8.0,2.0,8.0,2
93,0,21.0,6.0,4.2,6.0,6.7,71.0,8.3,1.0,2.0,7.0,8.0,5.0,0
94,0,24.0,1.0,8.2,8.0,4.6,70.0,11.3,2.0,2.0,6.0,2.0,7.0,0
95,1,23.0,8.0,1.1,7.0,6.3,68.0,8.2,1.0,4.0,6.0,10.0,8.0,2
96,0,24.0,1.0,5.6,4.0,5.6,82.0,6.6,4.0,1.0,5.0,8.0,8.0,2
97,1,18.0,4.0,4.0,3.0,5.6,84.0,8.7,4.0,0.0,9.0,7.0,2.0,0
98,1,24.0,2.0,5.7,8.0,5.5,72.0,8.8,5.0,1.0,8.0,5.0,9.0,0
99,0,21.0,8.0,5.6,8.0,7.7,80.0,8.3,3.0,4.0,3.0,7.0,4.0,2
100,1,24.0,2.0,3.3,5.0,5.7,91.0,8.5,2.0,4.0,5.0,1.0,5.0,1
101,0,24.0,8.0,6.2,3.0,6.5,93.0,7.2,4.0,3.0,6.0,6.0,9.0,2
102,0,21.0,6.0,7.6,4.0,5.6,80.0,8.1,4.0,3.0,4.0,7.0,1.0,0
103,0,23.0,8.0,4.6,7.0,6.2,89.0,9.2,5.0,5.0,3.0,8.0,1.0,0
104,1,22.0,6.0,6.7,2.0,7.7,93.0,9.6,0.0,4.0,8.0,1.0,3.0,1
105,0,24.0,3.0,5.0,2.0,7.5,95.0,6.4,2.0,2.0,10.0,7.0,2.0,0
106,0,24.0,7.0,5.6,6.0,6.3,96.0,7.2,4.0,0.0,10.0,2.0,4.0,0
107,0,19.0,2.0,6.2,7.0,5.3,71.0,11.2,5.0,5.0,2.0,8.0,3.0,0
108,0,18.0,1.0,3.0,6.0,4.7,68.0,9.3,2.0,2.0,6.0,7.0,3.0,0
109,1,22.0,7.0,6.6,10.0,7.4,76.0,8.3,1.0,1.0,2.0,10.0,7.0,2
110,1,21.0,3.0,5.0,4.0,5.2,94.0,7.2,5.0,2.0,8.0,5.0,1.0,0
111,0,20.0,3.0,3.6,2.0,8.0,93.0,6.7,2.0,4.0,5.0,7.0,5.0,1
112,0,24.0,5.0,3.3,4.0,6.0,89.0,7.8,3.0,0.0,4.0,7.0,10.0,1
113,0,22.0,5.0,3.9,5.0,5.3,66.0,7.5,5.0,3.0,5.0,1.0,10.0,1
114,1,22.0,8.0,5.5,5.0,5.7,79.0,6.1,4.0,2.0,4.0,4.0,10.0,1
115,0,23.0,3.0,5.5,2.0,4.3,67.0,4.2,2.0,3.0,1.0,10.0,6.0,1
116,1,18.0,5.0,3.6,6.0,6.2,91.0,7.6,1.0,1.0,3.0,9.0,6.0,2
117,0,24.0,3.0,8.0,5.0,7.8,95.0,6.7,2.0,5.0,6.0,2.0,8.0,1
118,1,19.0,4.0,5.0,7.0,5.0,100.0,7.0,2.0,0.0,7.0,1.0,5.0,2
119,1,21.0,6.0,4.4,5.0,7.0,89.0,5.3,5.0,2.0,2.0,4.0,8.0,1
120,1,22.0,6.0,6.0,10.0,8.8,79.0,6.8,5.0,0.0,8.0,5.0,7.0,0
121,1,19.0,1.0,5.8,1.0,7.5,84.0,6.2,3.0,0.0,2.0,4.0,9.0,1
122,1,21.0,8.0,5.4,6.0,6.5,99.0,7.2,3.0,4.0,3.0,7.0,2.0,2
123,0,22.0,7.0,3.5,5.0,6.5,67.0,8.0,5.0,2.0,4.0,8.0,8.0,2
124,1,24.0,6.0,7.9,2.0,7.9,88.0,11.3,4.0,5.0,6.0,1.0,7.0,1
125,0,19.0,2.0,3.5,8.0,7.8,70.0,7.4,5.0,1.0,10.0,1.0,1.0,0
126,0,19.0,3.0,9.4,10.0,5.3,78.0,5.3,0.0,4.0,4.0,10.0,4.0,0
127,1,20.0,3.0,3.8,10.0,3.3,65.0,5.9,2.0,1.0,3.0,9.0,5.0,0
128,1,18.0,1.0,3.5,3.0,6.7,65.0,7.7,2.0,1.0,10.0,6.0,1.0,0
129,1,20.0,1.0,8.8,3.0,7.9,91.0,5.8,4.0,0.0,2.0,8.0,8.0,1
130,0,22.0,2.0,3.2,8.0,7.2,97.0,4.4,1.0,4.0,1.0,9.0,5.0,2
131,0,23.0,1.0,8.7,1.0,8.3,95.0,6.1,3.0,3.0,2.0,8.0,8.0,1
132,1,18.0,6.0,1.6,10.0,8.5,74.0,6.8,0.0,1.0,5.0,10.0,10.0,2
133,0,21.0,5.0,7.5,8.0,4.1,97.0,5.8,4.0,3.0,2.0,2.0,9.0,2
134,1,21.0,8.0,5.0,4.0,6.6,91.0,6.1,2.0,3.0,7.0,7.0,2.0,2
135,0,21.0,6.0,6.2,5.0,4.9,88.0,6.7,1.0,5.0,8.0,2.0,2.0,2
136,1,18.0,7.0,5.2,2.0,7.3,88.0,8.4,1.0,4.0,1.0,10.0,9.0,1
137,0,23.0,2.0,2.8,7.0,4.2,87.0,9.6,5.0,3.0,1.0,5.0,10.0,1
138,0,20.0,2.0,5.7,10.0,5.4,97.0,10.1,1.0,1.0,8.0,4.0,2.0,0
139,0,24.0,6.0,5.2,2.0,8.3,82.0,7.1,4.0,1.0,7.0,9.0,10.0,2
140,1,22.0,5.0,9.1,1.0,9.0,76.0,6.5,2.0,5.0,5.0,6.0,6.0,1
141,1,19.0,3.0,6.9,10.0,7.5,90.0,9.7,0.0,1.0,1.0,2.0,9.0,1
142,1,21.0,7.0,3.1,8.0,7.5,86.0,9.1,1.0,2.0,5.0,6.0,10.0,2
143,1,18.0,3.0,1.5,3.0,4.7,68.0,2.9,5.0,0.0,5.0,8.0,7.0,2
144,0,22.0,8.0,4.5,7.0,7.6,82.0,10.0,1.0,4.0,2.0,6.0,7.0,1
145,1,20.0,8.0,5.1,9.0,8.9,84.0,4.2,0.0,1.0,7.0,10.0,1.0,0
146,1,19.0,5.0,1.6,4.0,6.4,73.0,7.8,2.0,2.0,6.0,2.0,1.0,2
147,0,23.0,7.0,4.9,3.0,3.4,73.0,6.8,3.0,4.0,4.0,9.0,9.0,2
148,0,18.0,7.0,2.4,1.0,7.5,92.0,7.7,0.0,3.0,2.0,6.0,10.0,1
149,0,22.0,7.0,3.1,7.0,5.7,83.0,4.9,0.0,3.0,1.0,6.0,3.0,2
150,0,24.0,6.0,4.9,2.0,7.9,92.0,5.0,0.0,1.0,7.0,10.0,7.0,2
151,1,21.0,5.0,6.0,6.0,5.7,79.0,5.4,2.0,1.0,2.0,9.0,2.0,2
152,1,24.0,6.0,4.8,6.0,4.9,74.0,5.9,1.0,0.0,3.0,5.0,4.0,2
153,1,22.0,3.0,2.6,2.0,9.0,76.0,7.1,5.0,3.0,8.0,10.0,10.0,1
154,0,23.0,6.0,3.6,6.0,6.8,74.0,6.8,3.0,0.0,8.0,8.0,5.0,0
155,0,22.0,1.0,4.6,6.0,7.4,97.0,8.5,0.0,2.0,8.0,8.0,1.0,0
156,1,20.0,5.0,3.9,2.0,5.6,70.0,6.4,4.0,4.0,9.0,7.0,8.0,2
157,1,21.0,4.0,1.0,6.0,4.2,95.0,9.7,4.0,1.0,1.0,8.0,2.0,2
158,0,23.0,2.0,8.3,9.0,6.1,76.0,8.2,0.0,1.0,8.0,8.0,9.0,0
159,1,20.0,6.0,5.6,5.0,9.0,89.0,9.2,3.0,2.0,10.0,1.0,6.0,2
160,1,20.0,2.0,4.7,9.0,5.1,89.0,3.8,2.0,2.0,10.0,3.0,6.0,0
161,1,22.0,3.0,5.4,6.0,5.4,84.0,4.2,5.0,5.0,7.0,3.0,10.0,2
162,1,20.0,7.0,3.7,6.0,4.9,73.0,10.4,5.0,5.0,9.0,2.0,7.0,2
163,0,18.0,6.0,6.8,5.0,6.5,76.0,10.0,1.0,2.0,8.0,4.0,4.0,2
164,1,19.0,2.0,5.2,5.0,5.2,71.0,10.0,4.0,4.0,9.0,1.0,6.0,2
165,1,22.0,7.0,6.1,3.0,4.9,75.0,6.6,1.0,5.0,10.0,3.0,8.0,2
166,1,21.0,6.0,3.2,4.0,4.4,93.0,8.9,4.0,2.0,8.0,4.0,9.0,2
167,1,20.0,8.0,8.8,4.0,4.4,88.0,8.1,5.0,4.0,8.0,8.0,5.0,0
168,0,22.0,7.0,3.7,3.0,5.8,77.0,5.8,4.0,1.0,5.0,1.0,8.0,1
169,0,22.0,2.0,3.3,9.0,6.6,72.0,5.3,2.0,0.0,3.0,5.0,8.0,2
170,1,24.0,7.0,5.5,2.0,6.4,79.0,6.5,3.0,2.0,1.0,7.0,1.0,2
171,0,22.0,6.0,3.2,4.0,5.6,89.0,8.5,0.0,2.0,4.0,1.0,6.0,1
172,1,24.0,6.0,6.0,3.0,5.0,73.0,7.2,0.0,2.0,8.0,3.0,8.0,2
173,0,22.0,1.0,6.5,2.0,4.0,66.0,8.1,2.0,1.0,3.0,9.0,10.0,2
174,0,18.0,5.0,3.7,4.0,7.4,84.0,5.5,0.0,0.0,4.0,7.0,10.0,1
175,0,18.0,2.0,1.4,8.0,4.1,99.0,7.1,0.0,5.0,9.0,10.0,4.0,0
176,1,20.0,7.0,5.5,1.0,5.1,87.0,8.3,1.0,4.0,7.0,3.0,2.0,2
177,0,18.0,1.0,1.7,7.0,6.4,95.0,4.6,0.0,5.0,7.0,6.0,5.0,2
178,1,20.0,2.0,3.7,6.0,6.6,80.0,5.3,5.0,5.0,2.0,10.0,6.0,2
179,1,18.0,6.0,4.2,9.0,8.0,86.0,5.8,5.0,1.0,8.0,8.0,3.0,0
180,1,18.0,8.0,6.7,1.0,4.8,83.0,8.1,1.0,0.0,4.0,1.0,6.0,1
181,0,22.0,7.0,7.9,9.0,3.0,95.0,5.4,2.0,0.0,4.0,5.0,6.0,0
182,1,24.0,6.0,6.2,5.0,6.2,72.0,7.7,2.0,3.0,7.0,8.0,7.0,2
183,0,19.0,8.0,3.8,8.0,6.6,88.0,6.7,4.0,2.0,2.0,7.0,2.0,2
184,0,22.0,3.0,7.3,9.0,6.9,83.0,7.7,2.0,0.0,2.0,6.0,5.0,2
185,0,21.0,7.0,4.2,3.0,5.8,93.0,6.1,2.0,3.0,1.0,6.0,10.0,1
186,0,20.0,1.0,5.8,2.0,5.9,90.0,7.6,2.0,4.0,3.0,1.0,3.0,1
187,0,18.0,3.0,9.2,2.0,7.8,80.0,6.3,5.0,2.0,6.0,7.0,10.0,2
188,1,22.0,3.0,7.4,8.0,5.9,88.0,2.9,2.0,3.0,2.0,10.0,3.0,0
189,0,21.0,6.0,3.0,5.0,3.7,80.0,6.3,0.0,0.0,3.0,8.0,9.0,2
190,0,22.0,2.0,5.0,5.0,9.0,81.0,7.7,5.0,3.0,4.0,10.0,5.0,2
191,0,19.0,2.0,4.6,3.0,7.7,69.0,2.6,3.0,1.0,8.0,2.0,6.0,1
192,0,23.0,2.0,5.5,9.0,7.7,99.0,4.0,2.0,2.0,3.0,3.0,6.0,1
193,1,18.0,4.0,7.3,3.0,7.0,80.0,6.2,3.0,0.0,6.0,9.0,10.0,2
194,0,21.0,3.0,6.3,10.0,9.0,70.0,7.4,0.0,2.0,7.0,8.0,9.0,2
195,0,24.0,7.0,5.5,10.0,5.8,69.0,5.3,1.0,2.0,2.0,8.0,8.0,2
196,0,19.0,3.0,6.7,3.0,5.2,92.0,7.1,4.0,0.0,2.0,9.0,3.0,2
197,0,19.0,3.0,4.0,6.0,7.2,79.0,7.7,2.0,4.0,5.0,2.0,5.0,1
198,1,23.0,5.0,7.1,3.0,5.7,84.0,6.5,4.0,4.0,2.0,9.0,3.0,2
199,1,19.0,6.0,3.0,10.0,5.8,67.0,7.8,0.0,0.0,1.0,10.0,5.0,2
200,1,24.0,7.0,6.5,10.0,5.1,66.0,8.7,3.0,5.0,9.0,5.0,5.0,0
201,0,19.0,7.0,7.7,5.0,7.1,94.0,10.8,0.0,5.0,1.0,3.0,8.0,1
202,0,21.0,8.0,3.5,4.0,4.6,86.0,3.4,4.0,1.0,6.0,6.0,6.0,2
203,0,19.0,6.0,8.0,9.0,7.5,100.0,6.9,0.0,2.0,4.0,8.0,2.0,0
204,0,21.0,4.0,5.6,3.0,4.8,71.0,11.9,0.0,2.0,7.0,10.0,7.0,0
205,1,24.0,3.0,5.3,6.0,6.7,85.0,8.5,1.0,1.0,8.0,9.0,8.0,0
206,0,20.0,8.0,6.0,1.0,6.8,70.0,5.4,3.0,4.0,8.0,4.0,4.0,2
207,0,18.0,1.0,5.9,5.0,9.0,96.0,9.7,4.0,5.0,8.0,5.0,9.0,2
208,1,24.0,2.0,8.2,7.0,5.7,73.0,5.0,2.0,5.0,6.0,7.0,6.0,0
209,1,21.0,1.0,4.7,10.0,6.6,100.0,9.2,1.0,2.0,9.0,5.0,2.0,0
210,0,22.0,8.0,1.6,9.0,8.8,82.0,6.7,4.0,5.0,10.0,2.0,3.0,2
211,1,21.0,6.0,4.1,6.0,5.0,100.0,3.7,2.0,1.0,4.0,10.0,9.0,2
212,0,22.0,1.0,6.6,1.0,6.6,67.0,4.4,1.0,5.0,6.0,8.0,9.0,1
213,0,19.0,3.0,2.4,6.0,6.0,85.0,10.3,1.0,3.0,10.0,5.0,10.0,2
214,0,22.0,8.0,4.5,10.0,4.2,84.0,6.5,3.0,0.0,6.0,6.0,2.0,0
215,0,22.0,5.0,4.5,1.0,3.0,95.0,6.9,2.0,5.0,10.0,10.0,4.0,0
216,1,22.0,8.0,4.5,3.0,7.5,98.0,10.7,5.0,5.0,10.0,7.0,3.0,0
217,1,18.0,2.0,7.3,4.0,6.1,66.0,4.8,3.0,2.0,7.0,3.0,7.0,2
218,1,21.0,8.0,10.1,1.0,6.6,73.0,7.0,4.0,1.0,9.0,6.0,8.0,2
219,0,20.0,3.0,5.0,8.0,6.8,99.0,6.7,2.0,4.0,6.0,5.0,10.0,2
220,0,19.0,4.0,3.9,5.0,5.7,100.0,6.9,2.0,1.0,5.0,5.0,4.0,2
221,0,20.0,8.0,3.9,6.0,5.4,100.0,7.2,5.0,2.0,5.0,2.0,10.0,1
222,0,21.0,6.0,4.5,3.0,8.8,83.0,2.0,0.0,2.0,2.0,6.0,8.0,1
223,0,23.0,8.0,7.2,4.0,8.4,77.0,2.9,4.0,2.0,9.0,5.0,3.0,2
224,1,22.0,4.0,4.3,4.0,5.9,68.0,4.2,5.0,4.0,4.0,4.0,1.0,2
225,1,21.0,6.0,3.4,8.0,4.8,71.0,10.5,5.0,1.0,1.0,9.0,3.0,0
226,0,23.0,8.0,6.9,8.0,8.4,77.0,8.4,2.0,2.0,5.0,1.0,2.0,2
227,1,22.0,1.0,2.7,3.0,5.7,91.0,8.0,1.0,0.0,7.0,8.0,3.0,2
228,0,18.0,1.0,2.6,5.0,7.6,71.0,6.5,2.0,2.0,8.0,9.0,9.0,2
229,0,19.0,8.0,4.3,5.0,7.6,77.0,7.9,0.0,2.0,3.0,8.0,5.0,2
230,1,18.0,6.0,4.3,5.0,8.2,77.0,4.8,1.0,4.0,7.0,7.0,9.0,1
231,0,18.0,7.0,6.2,2.0,7.4,76.0,6.4,1.0,3.0,6.0,4.0,1.0,2
232,0,21.0,4.0,5.7,8.0,4.6,82.0,8.8,2.0,2.0,10.0,10.0,1.0,0
233,0,23.0,6.0,4.6,4.0,5.7,68.0,9.1,5.0,0.0,8.0,5.0,3.0,0
234,0,23.0,5.0,3.6,2.0,4.4,83.0,3.9,2.0,4.0,4.0,4.0,3.0,1
235,0,19.0,8.0,6.2,10.0,4.6,88.0,10.5,3.0,5.0,9.0,8.0,9.0,0
236,1,24.0,4.0,1.0,10.0,9.0,70.0,7.4,4.0,3.0,9.0,6.0,2.0,0
237,1,18.0,4.0,4.8,10.0,5.7,99.0,7.8,1.0,1.0,6.0,9.0,8.0,0
238,1,23.0,4.0,4.9,10.0,8.2,96.0,7.2,0.0,4.0,8.0,1.0,8.0,2
239,1,22.0,7.0,5.3,8.0,6.0,68.0,6.9,4.0,3.0,5.0,1.0,7.0,2
240,0,24.0,1.0,5.6,4.0,3.9,69.0,4.3,0.0,3.0,6.0,2.0,9.0,1
241,1,18.0,8.0,6.5,1.0,6.8,83.0,6.6,3.0,1.0,3.0,7.0,6.0,1
242,0,21.0,7.0,5.0,7.0,7.0,70.0,5.9,5.0,5.0,9.0,3.0,6.0,2
243,1,19.0,7.0,3.4,9.0,6.8,73.0,5.0,5.0,1.0,1.0,1.0,5.0,1
244,0,23.0,7.0,5.8,9.0,3.9,89.0,9.1,1.0,1.0,8.0,6.0,3.0,0
245,0,19.0,2.0,5.9,1.0,6.9,91.0,9.0,4.0,0.0,4.0,4.0,2.0,2
246,1,22.0,1.0,8.3,8.0,8.0,68.0,3.3,1.0,5.0,1.0,7.0,8.0,1
247,1,22.0,4.0,2.4,1.0,5.6,73.0,7.1,4.0,2.0,4.0,10.0,6.0,2
248,0,19.0,5.0,6.0,3.0,5.4,98.0,7.4,1.0,3.0,5.0,5.0,1.0,2
249,1,23.0,7.0,3.5,9.0,5.6,96.0,4.2,0.0,2.0,7.0,9.0,6.0,0
250,0,21.0,3.0,3.2,5.0,4.5,89.0,5.0,1.0,4.0,8.0,4.0,4.0,2
251,0,24.0,3.0,7.1,8.0,5.1,68.0,12.3,4.0,3.0,7.0,9.0,9.0,0
252,1,21.0,4.0,6.0,5.0,6.8,78.0,5.3,2.0,5.0,2.0,8.0,6.0,1
253,1,22.0,4.0,6.4,1.0,5.6,82.0,7.2,3.0,5.0,10.0,10.0,1.0,0
254,1,19.0,4.0,10.1,8.0,6.4,78.0,9.3,2.0,2.0,1.0,4.0,4.0,2
255,1,23.0,8.0,3.6,4.0,6.4,78.0,10.5,3.0,1.0,9.0,6.0,5.0,0
256,0,21.0,6.0,3.7,5.0,9.0,81.0,8.4,2.0,4.0,8.0,8.0,2.0,2
257,0,24.0,6.0,3.9,4.0,7.4,88.0,8.9,2.0,3.0,1.0,10.0,4.0,2
258,1,18.0,5.0,6.2,9.0,4.1,91.0,5.5,2.0,1.0,4.0,6.0,4.0,0
259,0,22.0,4.0,4.5,8.0,6.4,100.0,8.2,5.0,5.0,6.0,5.0,8.0,2
260,0,21.0,3.0,5.4,6.0,4.5,75.0,7.8,1.0,5.0,9.0,8.0,3.0,0
261,1,22.0,1.0,6.2,2.0,7.3,68.0,9.2,0.0,3.0,3.0,4.0,2.0,1
262,1,18.0,4.0,6.7,9.0,7.2,94.0,6.9,2.0,0.0,10.0,10.0,8.0,0
263,0,18.0,1.0,1.7,9.0,7.1,100.0,7.4,3.0,0.0,1.0,9.0,5.0,2
264,0,18.0,7.0,5.5,3.0,4.6,71.0,4.8,0.0,4.0,3.0,4.0,4.0,1
265,0,24.0,6.0,7.1,5.0,6.4,90.0,8.4,0.0,2.0,7.0,8.0,10.0,2
266,1,23.0,4.0,5.1,5.0,6.5,70.0,8.9,5.0,5.0,1.0,2.0,7.0,1
267,0,21.0,8.0,4.0,1.0,6.6,65.0,6.1,5.0,1.0,2.0,8.0,7.0,1
268,0,22.0,2.0,4.1,9.0,6.0,67.0,7.4,1.0,1.0,10.0,8.0,5.0,0
269,1,18.0,5.0,4.0,9.0,8.4,67.0,5.2,1.0,2.0,1.0,4.0,10.0,1
270,1,24.0,7.0,4.6,2.0,5.8,84.0,9.9,1.0,4.0,4.0,10.0,7.0,2
271,0,21.0,3.0,5.4,2.0,8.0,97.0,4.0,5.0,2.0,1.0,2.0,7.0,1
272,1,24.0,2.0,5.5,6.0,7.8,90.0,7.2,2.0,0.0,5.0,8.0,8.0,2
273,1,20.0,7.0,7.1,7.0,5.7,76.0,9.8,5.0,4.0,7.0,2.0,10.0,2
274,0,24.0,4.0,9.6,2.0,6.0,70.0,6.1,2.0,1.0,7.0,3.0,7.0,2
275,0,20.0,2.0,7.9,2.0,8.9,65.0,6.0,2.0,3.0,6.0,5.0,2.0,2
276,1,18.0,3.0,4.2,7.0,6.1,93.0,4.3,4.0,4.0,9.0,7.0,2.0,0
277,1,18.0,6.0,3.2,9.0,5.0,70.0,5.5,4.0,4.0,6.0,7.0,1.0,0
278,0,21.0,7.0,4.9,2.0,6.9,100.0,10.1,1.0,4.0,9.0,3.0,7.0,1
279,1,19.0,5.0,3.0,5.0,8.0,82.0,6.6,3.0,1.0,2.0,3.0,7.0,1
280,0,21.0,5.0,4.9,8.0,7.5,69.0,4.8,2.0,2.0,4.0,8.0,10.0,2
281,1,21.0,2.0,5.8,3.0,6.7,84.0,8.0,0.0,3.0,6.0,10.0,7.0,2
282,0,21.0,6.0,5.6,7.0,9.0,73.0,5.7,2.0,2.0,10.0,4.0,8.0,2
283,0,19.0,7.0,3.9,6.0,5.6,83.0,5.9,5.0,5.0,8.0,10.0,4.0,0
284,0,21.0,5.0,3.7,7.0,8.3,88.0,9.8,0.0,4.0,4.0,10.0,9.0,2
285,1,23.0,1.0,3.9,8.0,5.3,78.0,7.9,3.0,2.0,2.0,7.0,8.0,2
286,1,23.0,5.0,3.9,4.0,7.4,81.0,7.4,5.0,1.0,7.0,7.0,2.0,0
287,0,22.0,8.0,2.0,10.0,8.8,90.0,10.6,4.0,4.0,7.0,9.0,1.0,0
288,0,23.0,2.0,3.8,2.0,5.9,80.0,7.6,5.0,5.0,6.0,3.0,10.0,1
289,1,22.0,7.0,5.7,6.0,7.5,92.0,11.0,0.0,0.0,2.0,5.0,4.0,2
290,1,21.0,6.0,4.6,7.0,5.3,94.0,4.2,5.0,4.0,9.0,3.0,6.0,2
291,1,21.0,2.0,3.5,5.0,6.5,91.0,10.6,0.0,0.0,3.0,6.0,5.0,2
292,0,21.0,4.0,4.0,9.0,6.8,95.0,7.0,2.0,3.0,2.0,8.0,8.0,2
293,0,18.0,5.0,7.4,1.0,9.0,72.0,5.9,0.0,2.0,2.0,3.0,4.0,1
294,1,22.0,3.0,4.0,6.0,8.1,100.0,8.4,3.0,3.0,4.0,7.0,3.0,2
295,1,23.0,7.0,8.7,7.0,7.4,66.0,6.3,5.0,4.0,4.0,8.0,10.0,2
296,0,21.0,1.0,6.2,4.0,8.2,78.0,8.6,2.0,5.0,2.0,10.0,2.0,2
297,1,20.0,6.0,6.0,4.0,8.1,94.0,9.3,0.0,2.0,8.0,9.0,6.0,2
298,0,22.0,7.0,7.8,10.0,7.5,72.0,6.7,2.0,2.0,8.0,10.0,3.0,0
299,0,22.0,2.0,5.3,3.0,8.3,85.0,5.4,0.0,1.0,5.0,2.0,3.0,1
300,0,23.0,3.0,5.7,9.0,5.9,89.0,7.1,3.0,4.0,3.0,10.0,7.0,0
301,0,19.0,8.0,7.6,9.0,6.8,76.0,7.1,4.0,1.0,8.0,5.0,3.0,0
302,1,20.0,8.0,2.3,10.0,7.6,68.0,8.3,2.0,0.0,8.0,3.0,4.0,0
303,0,22.0,8.0,9.3,7.0,6.0,96.0,7.4,3.0,5.0,8.0,8.0,3.0,0
304,1,22.0,1.0,5.5,4.0,8.9,83.0,6.8,0.0,2.0,4.0,9.0,5.0,2
305,1,24.0,8.0,5.6,10.0,7.4,96.0,7.4,4.0,4.0,2.0,10.0,2.0,0
306,0,24.0,6.0,4.1,9.0,6.8,67.0,9.1,5.0,3.0,9.0,4.0,7.0,0
307,1,23.0,4.0,2.9,5.0,6.7,67.0,5.6,3.0,2.0,6.0,2.0,8.0,1
308,1,24.0,4.0,7.4,4.0,4.2,87.0,5.9,5.0,4.0,7.0,3.0,10.0,2
309,1,24.0,4.0,5.8,4.0,8.8,68.0,6.9,4.0,2.0,9.0,5.0,10.0,2
310,1,20.0,5.0,3.9,5.0,9.0,82.0,4.1,4.0,5.0,2.0,3.0,7.0,1
311,1,20.0,3.0,1.0,3.0,7.2,80.0,6.0,1.0,5.0,6.0,4.0,7.0,1
312,0,19.0,5.0,3.0,7.0,7.6,89.0,7.5,3.0,0.0,2.0,7.0,9.0,1
313,0,23.0,6.0,3.9,8.0,4.6,96.0,8.7,2.0,4.0,1.0,2.0,8.0,1
314,0,24.0,2.0,6.3,9.0,6.4,90.0,10.7,1.0,3.0,4.0,8.0,5.0,0
315,0,24.0,5.0,2.9,6.0,4.2,100.0,5.6,4.0,1.0,10.0,8.0,6.0,0
316,1,18.0,2.0,4.9,8.0,6.9,66.0,6.5,0.0,1.0,8.0,8.0,1.0,0
317,0,19.0,3.0,5.7,5.0,4.6,75.0,9.9,2.0,0.0,6.0,5.0,2.0,0
318,0,23.0,3.0,4.8,1.0,8.2,90.0,7.7,5.0,2.0,4.0,7.0,2.0,2
319,1,18.0,4.0,5.9,8.0,7.4,69.0,7.9,1.0,4.0,4.0,9.0,8.0,2
320,1,18.0,6.0,6.3,2.0,8.5,92.0,7.4,5.0,1.0,8.0,2.0,4.0,2
321,0,18.0,2.0,6.4,2.0,6.4,85.0,9.9,2.0,2.0,3.0,7.0,3.0,2
322,1,18.0,1.0,3.6,10.0,9.0,75.0,6.9,3.0,2.0,4.0,3.0,7.0,1
323,0,24.0,4.0,2.1,2.0,6.7,71.0,5.6,1.0,0.0,10.0,7.0,6.0,2
324,0,20.0,3.0,6.7,4.0,5.5,82.0,6.1,5.0,0.0,4.0,9.0,10.0,2
325,0,24.0,1.0,1.2,5.0,5.8,78.0,2.2,4.0,4.0,9.0,4.0,7.0,2
326,0,23.0,1.0,1.8,4.0,7.6,96.0,8.6,3.0,0.0,4.0,8.0,10.0,1
327,1,22.0,1.0,5.9,6.0,5.0,85.0,6.9,1.0,3.0,10.0,7.0,6.0,0
328,1,24.0,8.0,5.0,2.0,4.8,66.0,10.0,4.0,0.0,1.0,5.0,4.0,2
329,1,18.0,7.0,6.8,9.0,6.2,83.0,7.1,5.0,5.0,9.0,7.0,7.0,0
330,0,18.0,3.0,5.4,5.0,3.4,70.0,6.5,2.0,0.0,9.0,4.0,3.0,0
331,0,21.0,2.0,3.6,5.0,5.0,92.0,6.4,5.0,1.0,1.0,4.0,2.0,2
332,0,18.0,8.0,8.6,10.0,7.5,68.0,5.9,2.0,5.0,3.0,2.0,1.0,2
333,1,23.0,1.0,6.1,3.0,8.6,96.0,8.8,2.0,4.0,9.0,5.0,3.0,2
334,0,19.0,5.0,5.1,2.0,5.5,66.0,8.4,2.0,3.0,5.0,9.0,2.0,2
335,0,23.0,2.0,5.8,8.0,7.8,94.0,8.3,4.0,2.0,1.0,8.0,10.0,1
336,1,20.0,3.0,7.1,5.0,5.7,71.0,9.6,4.0,5.0,2.0,4.0,9.0,1
337,1,18.0,1.0,5.4,4.0,9.0,67.0,5.6,3.0,2.0,7.0,3.0,3.0,2
338,1,22.0,7.0,8.5,4.0,6.8,85.0,5.7,1.0,3.0,6.0,5.0,2.0,2
339,0,18.0,1.0,4.0,3.0,6.0,79.0,7.8,4.0,0.0,7.0,2.0,8.0,1
340,0,24.0,5.0,6.0,6.0,5.6,70.0,7.0,4.0,3.0,1.0,6.0,4.0,2
341,0,22.0,5.0,9.3,10.0,9.0,80.0,7.9,3.0,2.0,10.0,8.0,4.0,0
342,1,19.0,1.0,5.1,7.0,6.7,66.0,8.2,1.0,4.0,6.0,1.0,6.0,2
343,1,24.0,7.0,3.0,5.0,6.1,71.0,3.7,1.0,4.0,4.0,7.0,8.0,1
344,1,19.0,5.0,5.8,2.0,7.5,67.0,6.0,1.0,4.0,7.0,6.0,8.0,1
345,1,22.0,2.0,8.1,9.0,4.7,73.0,4.1,5.0,3.0,2.0,10.0,10.0,2
346,1,21.0,3.0,5.4,4.0,8.1,83.0,10.4,2.0,2.0,7.0,6.0,6.0,2
347,0,20.0,4.0,4.1,2.0,8.1,77.0,6.9,1.0,4.0,2.0,3.0,2.0,1
348,1,21.0,8.0,4.7,6.0,7.8,91.0,8.3,0.0,4.0,6.0,4.0,8.0,1
349,0,21.0,5.0,1.8,2.0,8.7,70.0,9.8,1.0,5.0,5.0,10.0,1.0,2
350,1,24.0,6.0,3.7,3.0,7.1,70.0,8.0,5.0,1.0,6.0,7.0,9.0,2
351,1,23.0,5.0,5.5,5.0,5.7,76.0,5.7,0.0,3.0,8.0,9.0,9.0,2
352,1,18.0,8.0,4.9,2.0,8.3,73.0,8.1,0.0,0.0,1.0,4.0,3.0,1
353,1,24.0,7.0,4.3,6.0,7.7,70.0,2.0,4.0,4.0,5.0,2.0,1.0,2
354,1,19.0,8.0,7.3,3.0,3.9,70.0,6.3,2.0,0.0,1.0,8.0,1.0,2
355,1,22.0,7.0,2.8,7.0,4.6,96.0,9.3,0.0,3.0,7.0,3.0,6.0,2
356,1,19.0,5.0,4.1,5.0,7.0,93.0,6.9,1.0,0.0,10.0,10.0,10.0,2
357,1,23.0,5.0,6.0,8.0,6.6,91.0,4.4,4.0,3.0,1.0,2.0,5.0,1
358,0,19.0,7.0,7.0,4.0,5.8,98.0,3.9,1.0,5.0,9.0,1.0,7.0,2
359,0,21.0,8.0,4.1,6.0,8.8,97.0,8.7,2.0,3.0,5.0,3.0,1.0,2
360,0,22.0,4.0,4.3,1.0,6.0,82.0,6.4,0.0,3.0,9.0,6.0,10.0,1
361,1,19.0,2.0,9.2,4.0,7.1,80.0,7.9,2.0,4.0,1.0,4.0,10.0,1
362,0,20.0,3.0,7.1,3.0,6.9,80.0,6.5,4.0,2.0,6.0,10.0,1.0,0
363,0,22.0,3.0,4.6,10.0,6.4,77.0,6.9,3.0,4.0,5.0,3.0,8.0,2
364,1,18.0,1.0,6.5,4.0,6.6,79.0,8.5,0.0,4.0,8.0,1.0,6.0,2
365,1,24.0,3.0,4.8,6.0,6.6,76.0,3.0,2.0,0.0,1.0,3.0,10.0,1
366,1,24.0,2.0,6.8,9.0,7.0,88.0,9.0,0.0,2.0,7.0,10.0,2.0,0
367,0,20.0,6.0,1.0,3.0,9.0,75.0,6.7,5.0,3.0,8.0,6.0,3.0,2
368,0,19.0,3.0,7.2,7.0,4.9,84.0,8.2,5.0,5.0,5.0,3.0,3.0,0
369,1,23.0,7.0,2.9,10.0,5.6,67.0,10.8,1.0,4.0,6.0,10.0,4.0,0
370,1,21.0,3.0,4.6,6.0,6.8,69.0,8.7,1.0,2.0,6.0,3.0,2.0,2
371,0,21.0,1.0,6.0,5.0,6.7,78.0,7.7,1.0,5.0,2.0,6.0,5.0,1
372,1,23.0,1.0,9.8,1.0,6.4,89.0,7.4,3.0,5.0,7.0,3.0,7.0,1
373,0,21.0,6.0,7.1,9.0,8.2,89.0,9.4,0.0,3.0,10.0,4.0,3.0,0
374,0,18.0,1.0,6.3,5.0,4.8,66.0,10.3,2.0,2.0,2.0,2.0,6.0,1
375,1,21.0,3.0,2.7,2.0,7.0,100.0,5.5,0.0,2.0,10.0,10.0,8.0,2
376,1,21.0,3.0,4.9,10.0,7.0,92.0,7.6,1.0,0.0,2.0,6.0,4.0,2
377,1,21.0,5.0,5.8,5.0,8.9,84.0,7.9,1.0,0.0,1.0,7.0,10.0,1
378,0,19.0,1.0,4.5,6.0,7.9,65.0,9.4,3.0,0.0,5.0,10.0,8.0,2
379,1,18.0,1.0,2.5,4.0,7.4,75.0,8.4,5.0,2.0,2.0,8.0,2.0,2
380,0,24.0,7.0,4.4,8.0,8.6,96.0,6.7,5.0,2.0,2.0,9.0,7.0,2
381,1,20.0,7.0,5.3,6.0,6.2,76.0,7.0,3.0,0.0,5.0,8.0,8.0,2
382,0,19.0,5.0,2.8,10.0,4.3,68.0,10.2,1.0,5.0,2.0,2.0,6.0,2
383,0,24.0,4.0,3.3,9.0,5.0,68.0,2.7,3.0,4.0,7.0,9.0,8.0,0
384,1,21.0,5.0,3.7,2.0,4.5,90.0,10.3,5.0,0.0,9.0,10.0,9.0,0
385,1,18.0,8.0,7.0,3.0,5.5,75.0,11.5,1.0,1.0,3.0,1.0,7.0,1
386,1,23.0,7.0,7.0,4.0,6.0,74.0,2.0,4.0,2.0,6.0,2.0,2.0,2
387,0,22.0,7.0,9.6,9.0,4.4,85.0,3.7,2.0,4.0,8.0,1.0,10.0,2
388,0,18.0,7.0,7.0,3.0,9.0,74.0,9.8,4.0,4.0,10.0,2.0,2.0,2
389,1,24.0,5.0,6.1,9.0,7.4,87.0,8.7,3.0,2.0,7.0,8.0,10.0,0
390,0,18.0,3.0,6.5,5.0,6.9,90.0,7.2,1.0,4.0,10.0,7.0,1.0,0
391,0,20.0,4.0,4.9,1.0,5.4,95.0,6.4,2.0,2.0,1.0,6.0,5.0,1
392,0,20.0,8.0,1.6,2.0,6.4,79.0,5.0,1.0,2.0,8.0,6.0,5.0,2
393,0,22.0,2.0,2.8,4.0,6.8,93.0,9.8,1.0,3.0,8.0,9.0,6.0,2
394,1,22.0,3.0,6.8,2.0,4.1,84.0,5.0,5.0,4.0,7.0,3.0,9.0,2
395,1,19.0,4.0,6.9,4.0,5.0,68.0,6.6,1.0,0.0,8.0,1.0,6.0,2
396,1,20.0,6.0,6.1,8.0,5.0,97.0,7.2,3.0,5.0,2.0,1.0,4.0,2
397,0,21.0,8.0,2.3,3.0,5.6,95.0,7.6,4.0,4.0,6.0,6.0,3.0,2
398,0,23.0,2.0,1.8,5.0,7.2,66.0,7.0,3.0,0.0,3.0,10.0,4.0,2
399,1,23.0,4.0,6.1,4.0,6.8,82.0,9.7,5.0,3.0,9.0,1.0,1.0,0
400,0,19.0,3.0,5.3,10.0,5.9,65.0,7.2,1.0,2.0,10.0,5.0,5.0,0
401,0,21.0,6.0,6.1,8.0,6.6,81.0,7.1,1.0,3.0,5.0,9.0,10.0,2
402,0,22.0,2.0,3.6,1.0,5.5,97.0,4.2,5.0,2.0,9.0,10.0,10.0,2
403,0,20.0,2.0,8.5,8.0,4.6,69.0,5.6,2.0,2.0,6.0,5.0,5.0,0
404,0,19.0,3.0,3.6,9.0,7.8,80.0,6.4,0.0,4.0,7.0,6.0,3.0,2
405,1,23.0,8.0,7.5,5.0,5.5,81.0,7.6,3.0,3.0,7.0,1.0,10.0,1
406,1,20.0,4.0,3.3,9.0,9.0,95.0,4.6,5.0,2.0,9.0,5.0,3.0,0
407,1,20.0,2.0,5.6,8.0,7.5,73.0,7.8,5.0,2.0,9.0,3.0,6.0,0
408,1,19.0,6.0,4.6,4.0,6.3,84.0,7.1,3.0,2.0,6.0,5.0,10.0,1
409,0,21.0,2.0,4.7,8.0,7.9,68.0,11.4,5.0,4.0,10.0,10.0,2.0,0
410,0,19.0,2.0,3.9,7.0,4.4,98.0,6.8,2.0,3.0,1.0,3.0,3.0,2
411,1,20.0,7.0,10.2,10.0,5.3,94.0,10.3,1.0,2.0,3.0,2.0,8.0,2
412,0,23.0,3.0,8.4,6.0,5.7,68.0,8.1,0.0,3.0,5.0,4.0,3.0,2
413,1,21.0,2.0,8.3,3.0,5.9,92.0,6.6,5.0,3.0,7.0,7.0,8.0,2
414,0,18.0,1.0,3.8,9.0,5.0,77.0,5.7,5.0,2.0,1.0,6.0,9.0,2
415,1,18.0,1.0,2.6,4.0,6.6,79.0,5.5,5.0,2.0,5.0,3.0,2.0,2
416,0,22.0,5.0,5.5,3.0,4.2,69.0,7.7,0.0,2.0,5.0,8.0,9.0,2
417,0,21.0,3.0,6.7,6.0,3.5,96.0,7.7,2.0,1.0,3.0,7.0,1.0,0
418,1,19.0,3.0,7.5,4.0,4.7,66.0,10.3,4.0,4.0,3.0,2.0,6.0,2
419,1,21.0,5.0,5.8,9.0,5.4,68.0,6.9,4.0,0.0,2.0,1.0,1.0,2
420,1,21.0,8.0,6.1,7.0,6.6,72.0,8.1,4.0,2.0,8.0,3.0,4.0,0
421,1,20.0,7.0,3.2,2.0,6.8,98.0,4.2,2.0,4.0,10.0,3.0,7.0,1
422,1,22.0,2.0,4.8,5.0,5.1,72.0,5.5,0.0,3.0,4.0,10.0,4.0,2
423,0,24.0,4.0,7.5,6.0,8.1,91.0,8.2,2.0,1.0,1.0,9.0,8.0,2
424,1,23.0,8.0,2.8,6.0,6.0,80.0,9.4,0.0,0.0,2.0,2.0,10.0,1
425,0,19.0,2.0,5.3,9.0,9.0,69.0,7.8,5.0,5.0,2.0,5.0,4.0,2
426,0,20.0,5.0,5.4,8.0,6.0,68.0,7.3,0.0,1.0,1.0,5.0,6.0,2
427,0,21.0,2.0,4.7,2.0,7.6,67.0,8.9,0.0,1.0,3.0,6.0,6.0,1
428,0,22.0,5.0,3.4,2.0,4.5,88.0,3.3,2.0,1.0,2.0,7.0,7.0,1
429,0,20.0,7.0,6.0,8.0,4.8,91.0,2.7,5.0,1.0,2.0,3.0,1.0,2
430,1,18.0,7.0,5.8,10.0,9.0,95.0,7.0,4.0,5.0,8.0,3.0,10.0,2
431,0,24.0,6.0,6.7,10.0,6.6,66.0,6.8,5.0,5.0,3.0,8.0,8.0,2
432,1,21.0,8.0,6.8,1.0,6.1,69.0,7.5,2.0,5.0,6.0,1.0,9.0,1
433,1,23.0,6.0,5.6,9.0,5.5,98.0,9.0,5.0,5.0,10.0,2.0,7.0,0
434,1,21.0,6.0,4.7,7.0,5.4,74.0,8.1,4.0,4.0,1.0,1.0,3.0,1
435,0,24.0,8.0,3.2,3.0,6.5,69.0,7.0,3.0,2.0,4.0,6.0,5.0,1
436,1,22.0,4.0,7.2,9.0,7.2,89.0,6.9,3.0,1.0,2.0,8.0,8.0,2
437,0,18.0,8.0,6.6,8.0,8.6,85.0,8.1,0.0,3.0,1.0,2.0,7.0,1
438,0,18.0,1.0,5.0,2.0,4.5,84.0,4.9,4.0,4.0,4.0,8.0,6.0,2
439,0,24.0,1.0,4.4,4.0,5.6,94.0,6.6,2.0,4.0,10.0,10.0,8.0,0
440,0,23.0,8.0,5.1,2.0,7.3,71.0,6.9,5.0,1.0,1.0,6.0,6.0,1
441,0,22.0,6.0,6.0,2.0,6.6,67.0,3.0,1.0,3.0,3.0,7.0,2.0,1
442,0,22.0,4.0,3.1,4.0,6.3,72.0,4.6,3.0,1.0,8.0,4.0,6.0,2
443,1,24.0,7.0,6.2,1.0,8.8,72.0,9.4,3.0,3.0,10.0,9.0,3.0,0
444,0,18.0,1.0,4.6,9.0,8.7,92.0,7.3,4.0,3.0,9.0,3.0,10.0,2
445,1,23.0,3.0,4.3,2.0,5.6,89.0,6.4,5.0,4.0,10.0,6.0,9.0,2
446,0,21.0,4.0,4.2,5.0,6.8,90.0,7.3,2.0,2.0,8.0,3.0,3.0,2
447,0,22.0,5.0,5.0,9.0,7.2,85.0,9.4,5.0,5.0,9.0,4.0,4.0,0
448,1,22.0,5.0,6.9,6.0,4.3,73.0,2.0,5.0,5.0,3.0,9.0,9.0,2
449,0,23.0,2.0,6.9,6.0,4.4,100.0,6.6,3.0,4.0,10.0,7.0,9.0,0
450,0,24.0,7.0,2.7,1.0,3.8,98.0,8.1,0.0,0.0,7.0,3.0,1.0,2
451,1,19.0,5.0,6.5,3.0,5.6,83.0,2.0,5.0,2.0,3.0,1.0,5.0,1
452,1,24.0,1.0,3.9,6.0,7.1,93.0,4.0,0.0,4.0,9.0,4.0,9.0,1
453,0,19.0,5.0,5.4,1.0,6.5,89.0,8.2,3.0,3.0,6.0,9.0,1.0,2
454,1,23.0,5.0,5.2,4.0,5.0,93.0,9.4,1.0,5.0,6.0,10.0,9.0,2
455,1,24.0,4.0,4.7,5.0,6.5,93.0,5.1,1.0,5.0,2.0,3.0,3.0,1
456,1,21.0,1.0,4.1,7.0,5.2,82.0,6.7,4.0,2.0,3.0,3.0,10.0,1
457,0,18.0,6.0,8.4,8.0,4.4,74.0,3.8,0.0,1.0,6.0,10.0,1.0,0
458,0,21.0,6.0,7.9,2.0,6.2,85.0,5.7,4.0,1.0,3.0,9.0,2.0,2
459,1,21.0,7.0,7.1,2.0,5.6,87.0,10.7,1.0,1.0,6.0,6.0,6.0,2
460,0,19.0,8.0,6.4,9.0,5.8,65.0,11.3,0.0,5.0,6.0,8.0,4.0,0
461,1,18.0,6.0,3.8,7.0,7.6,72.0,7.6,3.0,2.0,9.0,5.0,1.0,0
462,0,22.0,8.0,7.6,8.0,8.8,67.0,7.1,2.0,5.0,4.0,6.0,9.0,2
463,1,18.0,3.0,3.5,9.0,7.2,99.0,5.6,0.0,5.0,2.0,4.0,4.0,1
464,0,24.0,2.0,9.0,4.0,6.7,99.0,6.3,5.0,5.0,7.0,2.0,3.0,2
465,1,21.0,6.0,5.4,1.0,4.5,70.0,5.1,0.0,0.0,3.0,5.0,9.0,1
466,1,22.0,4.0,7.4,5.0,5.5,91.0,4.9,3.0,3.0,7.0,7.0,6.0,0
467,1,21.0,2.0,6.1,9.0,8.3,65.0,8.4,5.0,5.0,10.0,2.0,10.0,2
468,1,23.0,2.0,7.0,6.0,5.4,97.0,4.2,0.0,2.0,5.0,10.0,2.0,0
469,0,24.0,8.0,8.0,7.0,6.0,90.0,6.5,5.0,0.0,8.0,3.0,9.0,2
470,1,19.0,7.0,7.7,9.0,7.3,83.0,7.9,5.0,1.0,5.0,6.0,1.0,0
471,1,18.0,1.0,9.3,1.0,5.5,90.0,8.9,4.0,4.0,2.0,5.0,4.0,2
472,0,19.0,7.0,5.1,9.0,6.9,74.0,10.1,1.0,1.0,4.0,10.0,5.0,0
473,1,18.0,3.0,6.0,10.0,7.3,68.0,9.1,4.0,3.0,9.0,2.0,5.0,0
474,1,20.0,2.0,4.3,4.0,5.2,96.0,4.9,2.0,2.0,3.0,4.0,2.0,2
475,0,22.0,2.0,1.1,4.0,9.0,85.0,4.8,3.0,3.0,6.0,10.0,5.0,2
476,1,22.0,6.0,4.6,6.0,6.1,92.0,7.6,1.0,0.0,6.0,4.0,4.0,2
477,0,20.0,6.0,6.6,3.0,7.8,86.0,5.8,3.0,3.0,8.0,6.0,5.0,2
478,0,22.0,2.0,4.7,3.0,6.9,70.0,6.5,2.0,1.0,9.0,4.0,5.0,2
479,1,23.0,2.0,8.2,1.0,7.2,97.0,8.5,5.0,0.0,10.0,10.0,7.0,0
480,1,18.0,5.0,6.3,9.0,8.3,99.0,7.4,3.0,5.0,3.0,6.0,7.0,2
481,1,24.0,5.0,2.4,3.0,7.1,94.0,5.7,4.0,4.0,2.0,7.0,6.0,1
482,1,23.0,4.0,3.9,10.0,7.4,75.0,9.5,4.0,1.0,8.0,3.0,3.0,0
483,1,23.0,8.0,5.0,6.0,7.0,67.0,10.4,1.0,3.0,4.0,2.0,5.0,1
484,0,19.0,1.0,5.5,4.0,9.0,98.0,8.1,2.0,3.0,8.0,8.0,1.0,0
485,1,23.0,6.0,1.5,2.0,7.6,98.0,7.8,5.0,2.0,5.0,10.0,9.0,1
486,1,21.0,7.0,7.6,6.0,7.5,69.0,6.7,4.0,2.0,7.0,4.0,9.0,2
487,0,20.0,6.0,2.6,8.0,6.2,95.0,5.3,4.0,0.0,9.0,3.0,8.0,2
488,1,19.0,2.0,3.8,9.0,7.4,82.0,10.3,1.0,1.0,3.0,3.0,6.0,2
489,1,23.0,4.0,5.8,7.0,4.7,86.0,7.9,5.0,0.0,8.0,8.0,8.0,0
490,1,22.0,3.0,7.4,7.0,5.6,66.0,6.7,1.0,0.0,3.0,10.0,10.0,2
491,1,19.0,1.0,5.0,10.0,5.3,74.0,8.3,0.0,1.0,5.0,3.0,9.0,2
492,0,22.0,1.0,4.8,5.0,7.1,70.0,5.2,1.0,3.0,10.0,8.0,8.0,2
493,1,19.0,7.0,4.1,10.0,7.6,74.0,6.3,4.0,1.0,10.0,9.0,5.0,0
494,1,23.0,6.0,8.5,8.0,5.9,69.0,7.4,1.0,3.0,7.0,3.0,2.0,0
495,1,19.0,7.0,6.9,3.0,4.4,71.0,3.5,1.0,3.0,10.0,10.0,1.0,0
496,1,18.0,8.0,1.9,3.0,8.4,99.0,5.9,0.0,5.0,7.0,9.0,7.0,1
497,0,24.0,1.0,10.1,9.0,5.7,92.0,7.4,1.0,3.0,7.0,6.0,10.0,0
498,1,21.0,3.0,8.1,5.0,9.0,95.0,11.1,1.0,0.0,5.0,10.0,9.0,2
499,0,20.0,4.0,7.4,1.0,8.0,65.0,8.2,4.0,4.0,2.0,9.0,1.0,2
500,0,23.0,4.0,6.6,6.0,5.7,91.0,5.4,2.0,0.0,3.0,7.0,10.0,2
501,0,20.0,7.0,5.0,10.0,6.2,88.0,6.1,4.0,2.0,7.0,4.0,7.0,0
502,0,19.0,6.0,6.4,9.0,7.9,100.0,7.2,3.0,2.0,5.0,10.0,6.0,0
503,0,23.0,3.0,8.0,2.0,4.8,79.0,6.6,3.0,5.0,3.0,2.0,4.0,1
504,0,24.0,6.0,3.6,9.0,3.7,68.0,6.8,1.0,3.0,1.0,2.0,3.0,2
505,0,22.0,7.0,4.8,2.0,8.8,69.0,8.3,2.0,1.0,6.0,2.0,10.0,1
506,1,23.0,7.0,3.0,7.0,9.0,98.0,9.4,2.0,5.0,10.0,1.0,3.0,2
507,0,21.0,1.0,6.2,4.0,6.2,98.0,5.1,2.0,1.0,1.0,10.0,9.0,1
508,1,22.0,3.0,4.3,1.0,8.1,88.0,10.8,1.0,5.0,1.0,3.0,2.0,1
509,0,24.0,7.0,8.1,6.0,5.8,90.0,4.8,3.0,4.0,4.0,9.0,1.0,0
510,1,18.0,5.0,5.3,9.0,3.8,87.0,7.6,2.0,2.0,4.0,10.0,4.0,0
511,0,21.0,1.0,4.7,5.0,5.8,76.0,3.8,3.0,4.0,2.0,9.0,2.0,2
512,0,20.0,2.0,6.0,9.0,5.7,81.0,4.7,4.0,4.0,5.0,8.0,7.0,0
513,0,24.0,4.0,1.0,6.0,6.5,94.0,10.5,5.0,3.0,10.0,1.0,8.0,2
514,1,20.0,2.0,8.3,7.0,5.8,79.0,5.8,5.0,5.0,4.0,6.0,7.0,2
515,0,22.0,1.0,5.9,5.0,5.0,80.0,7.6,2.0,0.0,7.0,6.0,2.0,0
516,1,21.0,6.0,6.5,6.0,8.3,78.0,6.8,4.0,2.0,3.0,4.0,8.0,1
517,1,19.0,4.0,4.6,5.0,5.2,78.0,5.3,1.0,1.0,4.0,10.0,6.0,2
518,1,24.0,2.0,4.5,2.0,7.1,70.0,8.8,5.0,5.0,8.0,10.0,1.0,0
519,1,24.0,8.0,3.4,6.0,8.7,85.0,6.5,3.0,4.0,5.0,8.0,3.0,2
520,0,21.0,4.0,5.0,10.0,5.4,73.0,2.2,0.0,4.0,7.0,8.0,9.0,2
521,1,22.0,6.0,6.8,7.0,7.6,76.0,6.4,3.0,0.0,9.0,8.0,6.0,0
522,1,18.0,4.0,5.1,7.0,7.3,71.0,3.9,2.0,2.0,10.0,5.0,3.0,0
523,0,19.0,5.0,3.9,8.0,7.7,86.0,4.5,2.0,1.0,8.0,7.0,4.0,0
524,0,23.0,6.0,5.6,6.0,4.5,90.0,7.9,2.0,3.0,3.0,10.0,3.0,0
525,1,24.0,2.0,4.9,5.0,4.1,80.0,9.3,4.0,3.0,7.0,4.0,3.0,0
526,1,21.0,1.0,3.5,3.0,5.3,91.0,7.4,3.0,1.0,9.0,9.0,6.0,0
527,0,20.0,5.0,7.3,9.0,5.0,68.0,7.1,3.0,0.0,3.0,1.0,4.0,2
528,0,21.0,2.0,5.9,8.0,7.5,86.0,7.4,2.0,2.0,6.0,9.0,9.0,2
529,0,20.0,1.0,4.3,7.0,5.3,72.0,7.2,2.0,5.0,10.0,4.0,10.0,2
530,1,24.0,5.0,2.9,6.0,3.0,85.0,7.9,5.0,4.0,8.0,8.0,2.0,0
531,0,22.0,5.0,6.8,8.0,3.0,74.0,5.0,1.0,5.0,6.0,7.0,10.0,2
532,0,24.0,2.0,6.2,2.0,9.0,75.0,7.0,2.0,1.0,6.0,6.0,5.0,1
533,0,22.0,7.0,3.5,5.0,6.2,93.0,9.7,2.0,5.0,10.0,9.0,8.0,0
534,0,19.0,3.0,3.7,1.0,5.3,73.0,6.0,5.0,1.0,5.0,2.0,4.0,1
535,1,21.0,2.0,3.1,2.0,6.7,69.0,10.2,3.0,4.0,1.0,1.0,7.0,1
536,1,18.0,5.0,5.6,10.0,6.1,74.0,6.4,0.0,5.0,7.0,5.0,4.0,0
537,1,23.0,5.0,1.9,8.0,7.8,73.0,6.8,1.0,4.0,3.0,1.0,1.0,1
538,0,24.0,6.0,4.6,8.0,9.0,94.0,7.6,4.0,2.0,9.0,8.0,3.0,0
539,1,22.0,8.0,3.5,10.0,5.9,92.0,9.3,4.0,5.0,9.0,5.0,6.0,0
540,0,22.0,4.0,5.2,2.0,4.3,93.0,8.8,2.0,2.0,7.0,5.0,3.0,2
541,0,18.0,1.0,3.7,9.0,9.0,73.0,9.2,2.0,2.0,8.0,9.0,1.0,0
542,0,24.0,8.0,4.1,5.0,8.4,65.0,7.1,3.0,2.0,10.0,4.0,1.0,0
543,0,19.0,7.0,6.7,9.0,7.2,92.0,5.3,3.0,1.0,3.0,7.0,7.0,2
544,1,20.0,2.0,3.7,7.0,8.0,80.0,6.3,4.0,4.0,5.0,5.0,9.0,1
545,0,21.0,4.0,4.2,2.0,5.1,76.0,7.8,1.0,2.0,2.0,8.0,10.0,1
546,0,20.0,8.0,9.1,4.0,4.9,85.0,7.0,0.0,1.0,1.0,9.0,1.0,2
547,1,18.0,5.0,7.8,5.0,6.4,73.0,7.9,5.0,3.0,1.0,4.0,2.0,2
548,1,18.0,8.0,2.9,4.0,7.1,86.0,6.6,3.0,2.0,8.0,6.0,8.0,2
549,1,20.0,2.0,7.0,3.0,8.3,68.0,12.2,2.0,3.0,2.0,9.0,8.0,1
550,1,19.0,5.0,6.2,7.0,7.0,65.0,7.4,0.0,5.0,4.0,7.0,8.0,2
551,1,23.0,1.0,4.3,4.0,7.0,94.0,6.4,5.0,0.0,9.0,4.0,8.0,2
552,0,23.0,5.0,5.3,6.0,8.5,75.0,5.0,5.0,5.0,1.0,9.0,9.0,1
553,1,20.0,8.0,7.3,5.0,8.5,77.0,6.8,2.0,0.0,4.0,2.0,4.0,1
554,0,20.0,1.0,1.0,3.0,5.6,82.0,9.6,4.0,0.0,7.0,4.0,1.0,2
555,1,22.0,8.0,5.0,10.0,5.0,74.0,6.0,2.0,0.0,4.0,3.0,8.0,2
556,1,23.0,6.0,6.7,1.0,7.3,68.0,6.5,2.0,5.0,3.0,9.0,2.0,2
557,1,21.0,4.0,4.3,6.0,5.9,100.0,5.2,5.0,2.0,8.0,4.0,1.0,0
558,0,20.0,3.0,8.2,5.0,6.0,67.0,9.4,3.0,5.0,8.0,9.0,5.0,0
559,0,19.0,3.0,8.0,9.0,8.0,87.0,6.1,2.0,5.0,8.0,5.0,10.0,2
560,1,18.0,3.0,5.8,8.0,6.5,83.0,5.2,2.0,4.0,6.0,8.0,1.0,0
561,0,23.0,3.0,5.6,1.0,4.7,88.0,9.4,4.0,1.0,6.0,2.0,9.0,1
562,0,19.0,8.0,4.1,9.0,6.8,74.0,7.6,4.0,2.0,6.0,7.0,6.0,0
563,1,18.0,2.0,4.5,1.0,7.4,73.0,6.1,1.0,0.0,4.0,2.0,8.0,1
564,1,18.0,1.0,6.7,10.0,4.5,89.0,7.3,5.0,3.0,9.0,10.0,10.0,0
565,0,18.0,6.0,8.9,4.0,5.0,69.0,5.6,0.0,1.0,8.0,2.0,8.0,2
566,1,20.0,7.0,6.0,6.0,6.8,68.0,7.7,4.0,2.0,9.0,1.0,2.0,0
567,0,18.0,4.0,6.0,9.0,7.5,71.0,9.2,0.0,5.0,4.0,9.0,7.0,2
568,1,19.0,4.0,5.8,10.0,6.1,76.0,8.3,4.0,5.0,9.0,7.0,2.0,0
569,0,23.0,8.0,8.8,7.0,6.3,71.0,5.1,1.0,1.0,9.0,7.0,9.0,0
570,0,23.0,3.0,7.2,9.0,6.3,93.0,2.7,2.0,2.0,9.0,6.0,6.0,0
571,0,24.0,7.0,6.7,6.0,5.7,80.0,6.8,4.0,4.0,4.0,7.0,9.0,2
572,0,20.0,8.0,5.7,8.0,6.8,90.0,8.4,0.0,5.0,1.0,5.0,10.0,1
573,1,22.0,3.0,4.1,5.0,7.3,65.0,6.5,2.0,1.0,4.0,6.0,1.0,2
574,0,22.0,3.0,6.5,2.0,7.4,67.0,5.1,3.0,2.0,3.0,3.0,5.0,1
575,0,22.0,4.0,7.2,4.0,5.7,81.0,8.6,2.0,0.0,10.0,7.0,10.0,0
576,1,23.0,2.0,5.7,6.0,9.0,95.0,6.6,1.0,3.0,10.0,2.0,10.0,1
577,0,18.0,7.0,4.3,2.0,6.5,68.0,6.4,2.0,2.0,7.0,7.0,2.0,2
578,1,23.0,1.0,6.6,7.0,4.1,68.0,4.9,2.0,4.0,1.0,6.0,9.0,1
579,1,20.0,4.0,2.9,3.0,7.9,68.0,10.4,5.0,5.0,7.0,8.0,10.0,1
580,1,19.0,7.0,4.8,5.0,6.2,90.0,7.1,1.0,1.0,6.0,2.0,8.0,1
581,1,22.0,7.0,7.3,5.0,5.1,70.0,7.5,3.0,4.0,7.0,3.0,3.0,2
582,0,22.0,4.0,7.0,8.0,7.3,90.0,7.4,5.0,4.0,4.0,9.0,10.0,2
583,1,19.0,2.0,7.0,5.0,3.0,92.0,8.4,2.0,5.0,10.0,2.0,2.0,0
584,0,21.0,6.0,3.7,6.0,3.8,77.0,8.0,2.0,2.0,10.0,1.0,5.0,0
585,1,20.0,8.0,7.7,10.0,6.3,74.0,8.9,3.0,0.0,4.0,4.0,6.0,0
586,1,24.0,2.0,8.2,2.0,8.5,68.0,10.3,1.0,4.0,3.0,5.0,1.0,2
587,0,23.0,2.0,6.5,5.0,6.6,93.0,3.8,3.0,0.0,6.0,4.0,9.0,1
588,1,19.0,5.0,4.5,9.0,5.2,95.0,11.3,4.0,5.0,3.0,1.0,7.0,2
589,1,20.0,3.0,4.6,1.0,6.7,83.0,8.1,1.0,5.0,10.0,5.0,1.0,2
590,0,23.0,1.0,5.1,2.0,9.0,89.0,5.8,5.0,2.0,6.0,2.0,1.0,1
591,0,24.0,7.0,5.4,4.0,5.4,89.0,4.4,4.0,5.0,2.0,6.0,8.0,1
592,1,19.0,4.0,3.8,9.0,6.4,94.0,6.1,4.0,5.0,1.0,1.0,4.0,1
593,0,20.0,8.0,3.6,7.0,4.4,75.0,6.8,0.0,2.0,6.0,6.0,5.0,2
594,1,22.0,5.0,2.0,1.0,7.6,81.0,7.2,3.0,0.0,9.0,5.0,4.0,2
595,1,20.0,7.0,2.1,3.0,6.0,70.0,5.5,5.0,3.0,9.0,10.0,4.0,0
596,0,19.0,3.0,5.6,7.0,8.5,84.0,3.2,4.0,2.0,8.0,9.0,3.0,0
597,1,23.0,3.0,5.2,10.0,6.3,99.0,8.3,5.0,1.0,3.0,5.0,9.0,2
598,1,21.0,3.0,5.4,10.0,5.4,75.0,6.4,2.0,0.0,9.0,9.0,2.0,0
599,1,20.0,3.0,3.4,1.0,8.1,85.0,7.0,3.0,3.0,5.0,8.0,5.0,1
600,1,24.0,4.0,8.8,2.0,6.4,73.0,5.6,1.0,0.0,10.0,10.0,5.0,0
601,1,22.0,4.0,2.0,4.0,3.8,66.0,3.8,2.0,0.0,8.0,3.0,9.0,2
602,0,23.0,6.0,5.5,3.0,7.3,89.0,3.8,3.0,3.0,3.0,3.0,4.0,1
603,1,18.0,7.0,6.8,1.0,5.8,82.0,7.3,3.0,1.0,4.0,4.0,2.0,2
604,1,21.0,8.0,8.2,6.0,7.8,94.0,6.5,1.0,3.0,7.0,1.0,10.0,1
605,0,23.0,6.0,3.2,7.0,3.3,99.0,5.6,4.0,5.0,1.0,9.0,2.0,0
606,0,21.0,1.0,4.6,4.0,5.0,98.0,6.7,4.0,3.0,1.0,9.0,7.0,2
607,1,19.0,5.0,5.2,8.0,6.2,90.0,5.7,2.0,2.0,8.0,3.0,7.0,2
608,0,22.0,1.0,5.3,9.0,7.2,74.0,4.8,3.0,5.0,8.0,2.0,9.0,2
609,1,19.0,3.0,7.8,7.0,6.4,91.0,7.0,2.0,3.0,1.0,3.0,8.0,1
610,1,21.0,2.0,6.4,5.0,6.8,85.0,8.9,5.0,5.0,3.0,2.0,2.0,2
611,1,23.0,8.0,5.6,6.0,5.6,70.0,7.7,4.0,5.0,7.0,9.0,10.0,2
612,1,21.0,7.0,2.7,1.0,6.7,75.0,6.9,2.0,4.0,3.0,3.0,3.0,1
613,1,24.0,1.0,4.6,7.0,6.3,84.0,3.2,2.0,5.0,8.0,5.0,3.0,2
614,1,19.0,4.0,3.9,1.0,6.6,81.0,7.3,0.0,3.0,8.0,8.0,9.0,1
615,1,22.0,8.0,2.9,4.0,8.4,78.0,5.3,4.0,5.0,8.0,8.0,7.0,2
616,0,18.0,1.0,6.9,4.0,7.1,100.0,5.7,2.0,4.0,9.0,4.0,1.0,0
617,1,19.0,1.0,8.6,6.0,4.7,67.0,8.8,1.0,0.0,10.0,10.0,5.0,0
618,0,18.0,1.0,7.0,2.0,5.5,91.0,9.8,1.0,1.0,5.0,10.0,10.0,2
619,1,21.0,6.0,4.5,1.0,6.9,70.0,7.5,2.0,2.0,6.0,7.0,2.0,2
620,0,24.0,2.0,4.7,5.0,7.7,95.0,8.6,1.0,0.0,5.0,6.0,9.0,1
621,0,22.0,4.0,1.5,4.0,8.5,68.0,3.7,0.0,4.0,9.0,2.0,8.0,1
622,0,21.0,6.0,7.1,5.0,8.2,98.0,4.8,4.0,4.0,6.0,3.0,10.0,1
623,0,22.0,8.0,4.2,8.0,4.8,76.0,6.6,4.0,1.0,5.0,4.0,1.0,0
624,1,18.0,8.0,4.4,2.0,7.7,78.0,9.6,4.0,3.0,7.0,1.0,6.0,1
625,0,22.0,4.0,7.8,1.0,5.7,77.0,6.6,5.0,2.0,5.0,2.0,5.0,1
626,0,22.0,6.0,1.6,1.0,5.3,72.0,8.9,5.0,2.0,6.0,7.0,10.0,1
627,1,24.0,3.0,8.2,4.0,4.6,86.0,5.8,2.0,5.0,8.0,8.0,1.0,0
628,1,21.0,3.0,4.9,8.0,6.9,99.0,5.4,2.0,3.0,7.0,1.0,9.0,1
629,0,22.0,6.0,5.8,9.0,5.8,99.0,7.0,0.0,1.0,10.0,6.0,6.0,0
630,1,19.0,5.0,6.1,1.0,6.5,86.0,6.1,3.0,5.0,9.0,3.0,10.0,1
631,0,19.0,2.0,4.8,5.0,6.4,85.0,6.3,5.0,0.0,5.0,7.0,2.0,0
632,0,19.0,6.0,4.5,8.0,8.9,84.0,8.1,1.0,4.0,5.0,3.0,2.0,2
633,0,24.0,1.0,4.4,4.0,7.5,70.0,6.3,3.0,4.0,1.0,8.0,9.0,1
634,1,19.0,6.0,7.3,8.0,7.1,98.0,6.8,2.0,2.0,3.0,2.0,9.0,1
635,1,19.0,1.0,5.9,8.0,4.1,89.0,4.7,5.0,4.0,2.0,1.0,5.0,2
636,1,23.0,2.0,2.6,6.0,6.7,94.0,10.5,0.0,0.0,9.0,5.0,1.0,0
637,0,23.0,4.0,9.5,6.0,7.5,77.0,8.0,1.0,2.0,5.0,9.0,6.0,0
638,0,23.0,2.0,1.4,5.0,5.7,74.0,5.4,1.0,2.0,2.0,1.0,10.0,1
639,1,19.0,6.0,3.8,9.0,6.2,85.0,6.1,2.0,1.0,5.0,10.0,4.0,0
640,1,18.0,5.0,1.0,10.0,7.6,86.0,4.9,4.0,3.0,1.0,3.0,1.0,2
641,0,23.0,1.0,5.5,2.0,9.0,89.0,5.2,0.0,0.0,7.0,7.0,3.0,2
642,0,22.0,6.0,1.0,5.0,6.1,86.0,9.2,1.0,5.0,9.0,2.0,8.0,1
643,1,18.0,8.0,8.9,2.0,4.7,94.0,8.0,2.0,5.0,8.0,8.0,4.0,0
644,1,19.0,5.0,4.1,6.0,6.3,90.0,12.3,1.0,5.0,6.0,6.0,8.0,2
645,0,18.0,2.0,2.0,8.0,6.9,72.0,7.9,2.0,3.0,8.0,3.0,5.0,2
646,0,22.0,3.0,7.2,9.0,6.6,71.0,7.6,3.0,5.0,2.0,6.0,9.0,2
647,1,24.0,5.0,4.2,9.0,6.9,94.0,6.3,3.0,4.0,7.0,4.0,10.0,2
648,1,22.0,3.0,6.2,8.0,5.9,89.0,7.8,0.0,2.0,4.0,10.0,7.0,0
649,0,22.0,6.0,4.9,9.0,8.2,80.0,6.9,1.0,5.0,2.0,10.0,8.0,2
650,1,22.0,8.0,1.5,6.0,8.4,100.0,5.2,0.0,3.0,3.0,5.0,7.0,1
651,1,22.0,2.0,3.7,10.0,5.6,89.0,9.7,2.0,3.0,1.0,2.0,4.0,2
652,1,22.0,1.0,1.0,3.0,9.0,74.0,9.1,3.0,4.0,5.0,7.0,10.0,1
653,0,19.0,4.0,5.4,6.0,6.4,84.0,7.6,4.0,5.0,5.0,7.0,6.0,2
654,1,22.0,1.0,6.0,10.0,7.5,97.0,8.1,3.0,1.0,5.0,1.0,6.0,2
655,1,18.0,6.0,5.2,2.0,6.2,83.0,6.7,0.0,1.0,7.0,10.0,7.0,2
656,0,23.0,7.0,4.6,7.0,8.2,89.0,8.2,3.0,4.0,4.0,3.0,8.0,1
657,1,19.0,7.0,1.0,6.0,7.5,91.0,7.4,1.0,2.0,3.0,3.0,1.0,1
658,1,23.0,1.0,5.0,3.0,5.9,96.0,9.2,5.0,3.0,3.0,2.0,3.0,1
659,0,24.0,8.0,6.9,10.0,5.3,92.0,7.8,4.0,1.0,8.0,9.0,7.0,0
660,0,21.0,6.0,3.1,4.0,4.4,76.0,5.7,3.0,4.0,1.0,10.0,8.0,1
661,1,23.0,5.0,6.7,7.0,7.9,99.0,8.0,4.0,2.0,1.0,1.0,10.0,1
662,0,23.0,6.0,6.5,2.0,7.3,95.0,5.7,5.0,0.0,3.0,9.0,5.0,2
663,0,22.0,2.0,5.9,9.0,7.7,70.0,8.5,1.0,3.0,2.0,9.0,10.0,2
664,0,22.0,1.0,7.4,6.0,7.6,99.0,7.7,0.0,3.0,8.0,9.0,8.0,2
665,0,21.0,6.0,7.1,5.0,6.5,83.0,5.2,1.0,0.0,10.0,5.0,10.0,2
666,0,18.0,8.0,4.7,10.0,5.4,75.0,5.6,4.0,0.0,5.0,10.0,1.0,0
667,0,21.0,2.0,4.7,3.0,5.3,97.0,6.4,0.0,2.0,5.0,3.0,10.0,1
668,0,20.0,5.0,1.2,1.0,6.8,72.0,7.0,4.0,1.0,10.0,3.0,8.0,1
669,0,24.0,3.0,3.4,5.0,7.5,80.0,8.9,3.0,1.0,9.0,1.0,6.0,2
670,1,19.0,3.0,1.8,8.0,5.4,91.0,5.5,3.0,1.0,8.0,3.0,4.0,2
671,0,18.0,5.0,3.1,2.0,7.7,68.0,6.6,1.0,3.0,7.0,8.0,5.0,2
672,0,23.0,4.0,4.5,7.0,3.5,89.0,8.3,3.0,2.0,3.0,9.0,7.0,0
673,1,20.0,8.0,2.5,7.0,6.6,85.0,7.6,4.0,5.0,1.0,2.0,9.0,1
674,0,24.0,7.0,7.7,10.0,4.5,82.0,2.0,2.0,2.0,5.0,2.0,5.0,2
675,0,21.0,4.0,5.4,10.0,9.0,77.0,9.5,4.0,2.0,3.0,6.0,9.0,2
676,1,23.0,1.0,5.4,2.0,5.8,65.0,8.6,3.0,0.0,9.0,2.0,8.0,2
677,0,19.0,5.0,3.1,5.0,7.2,77.0,8.0,0.0,0.0,10.0,2.0,1.0,2
678,1,22.0,2.0,7.1,2.0,9.0,70.0,7.8,4.0,1.0,7.0,10.0,3.0,0
679,1,23.0,3.0,4.0,5.0,6.5,83.0,3.5,3.0,5.0,2.0,8.0,5.0,1
680,0,23.0,6.0,3.6,5.0,5.9,75.0,6.0,0.0,2.0,1.0,7.0,7.0,1
681,0,18.0,5.0,5.3,5.0,5.3,76.0,9.2,3.0,0.0,8.0,4.0,10.0,2
682,0,19.0,8.0,5.0,2.0,6.5,74.0,6.3,4.0,3.0,4.0,10.0,2.0,2
683,0,23.0,5.0,5.3,2.0,7.7,67.0,5.3,0.0,0.0,10.0,5.0,8.0,2
684,1,21.0,3.0,3.7,1.0,6.0,67.0,4.3,5.0,3.0,5.0,3.0,6.0,1
685,0,22.0,1.0,3.4,9.0,5.8,96.0,8.7,3.0,3.0,7.0,2.0,9.0,2
686,1,18.0,7.0,5.5,8.0,6.8,72.0,8.7,4.0,4.0,6.0,6.0,5.0,0
687,0,18.0,2.0,4.7,6.0,7.1,99.0,6.8,2.0,0.0,8.0,5.0,4.0,2
688,1,22.0,1.0,5.5,7.0,5.6,77.0,2.1,2.0,5.0,7.0,2.0,6.0,2
689,0,18.0,8.0,4.7,4.0,8.6,73.0,8.9,0.0,1.0,1.0,10.0,4.0,1
690,0,21.0,2.0,6.9,9.0,8.4,84.0,7.2,3.0,4.0,8.0,1.0,1.0,0
691,0,18.0,6.0,5.4,1.0,5.6,90.0,6.4,0.0,1.0,9.0,8.0,9.0,2
692,1,23.0,4.0,6.2,2.0,8.3,67.0,6.7,5.0,1.0,8.0,1.0,8.0,1
693,1,19.0,3.0,4.1,1.0,6.5,76.0,8.2,5.0,0.0,5.0,2.0,8.0,1
694,1,24.0,2.0,2.1,2.0,3.1,72.0,5.9,3.0,4.0,10.0,4.0,2.0,0
695,1,21.0,6.0,2.6,7.0,5.7,85.0,6.7,0.0,5.0,10.0,9.0,3.0,0
696,0,24.0,4.0,4.1,1.0,8.7,76.0,7.7,2.0,0.0,2.0,5.0,3.0,1
697,0,19.0,6.0,5.6,9.0,7.4,75.0,4.7,3.0,1.0,10.0,1.0,3.0,0
698,1,24.0,7.0,7.1,3.0,6.4,66.0,8.3,3.0,0.0,1.0,1.0,3.0,1
699,1,23.0,5.0,2.9,7.0,4.2,95.0,8.6,5.0,1.0,4.0,3.0,5.0,2
700,0,21.0,4.0,5.8,3.0,5.1,67.0,5.3,4.0,1.0,8.0,10.0,2.0,0
701,0,20.0,7.0,7.3,1.0,4.7,100.0,10.3,1.0,1.0,2.0,9.0,2.0,2
702,0,24.0,4.0,3.2,8.0,7.5,78.0,6.3,2.0,0.0,4.0,2.0,3.0,2
703,0,21.0,3.0,6.2,3.0,5.7,67.0,6.7,0.0,5.0,6.0,5.0,4.0,2
704,0,20.0,6.0,5.1,10.0,5.0,94.0,8.5,0.0,0.0,1.0,9.0,3.0,0
705,1,24.0,1.0,4.0,8.0,6.2,97.0,5.0,0.0,0.0,4.0,8.0,10.0,2
706,0,21.0,4.0,1.0,6.0,6.2,79.0,11.8,0.0,2.0,4.0,2.0,4.0,1
707,0,24.0,4.0,6.6,7.0,6.5,79.0,6.5,0.0,3.0,10.0,8.0,1.0,0
708,0,19.0,4.0,5.0,10.0,7.3,94.0,4.6,1.0,3.0,6.0,3.0,8.0,2
709,1,23.0,6.0,7.2,5.0,7.6,77.0,8.4,2.0,1.0,1.0,10.0,1.0,2
710,0,19.0,2.0,5.9,8.0,6.5,94.0,8.3,3.0,1.0,6.0,4.0,5.0,0
711,1,24.0,3.0,6.2,10.0,6.0,100.0,5.9,1.0,0.0,7.0,9.0,8.0,0
712,1,22.0,8.0,5.2,8.0,8.8,82.0,4.5,0.0,5.0,7.0,4.0,4.0,2
713,0,21.0,4.0,2.1,10.0,6.7,74.0,7.1,4.0,0.0,7.0,1.0,1.0,0
714,0,23.0,1.0,5.3,7.0,6.9,98.0,6.6,3.0,3.0,2.0,8.0,8.0,2
715,1,18.0,1.0,8.0,7.0,4.1,78.0,5.3,1.0,2.0,5.0,4.0,2.0,0
716,1,21.0,5.0,4.8,3.0,4.0,94.0,6.6,4.0,5.0,10.0,1.0,8.0,2
717,0,24.0,3.0,8.3,7.0,6.5,76.0,7.5,2.0,5.0,8.0,1.0,2.0,0
718,0,23.0,6.0,2.5,9.0,5.6,67.0,6.2,2.0,3.0,5.0,10.0,9.0,2
719,1,24.0,2.0,4.4,10.0,8.4,86.0,8.1,5.0,0.0,9.0,6.0,1.0,0
720,1,21.0,6.0,2.8,8.0,6.9,67.0,8.0,2.0,2.0,3.0,9.0,2.0,0
721,1,19.0,6.0,7.3,4.0,8.9,99.0,5.0,0.0,5.0,8.0,10.0,4.0,2
722,1,20.0,6.0,3.4,5.0,4.6,97.0,6.5,5.0,3.0,5.0,1.0,2.0,2
723,0,20.0,8.0,5.9,8.0,8.0,97.0,6.8,4.0,0.0,8.0,9.0,9.0,0
724,0,21.0,6.0,4.4,2.0,6.7,77.0,5.3,3.0,0.0,2.0,7.0,3.0,1
725,0,18.0,2.0,9.2,3.0,4.1,82.0,7.4,0.0,5.0,3.0,8.0,3.0,2
726,1,22.0,1.0,9.0,5.0,6.5,91.0,6.6,5.0,4.0,3.0,8.0,6.0,2
727,0,21.0,1.0,4.3,5.0,6.2,77.0,9.7,0.0,0.0,4.0,9.0,6.0,2
728,0,22.0,6.0,1.0,6.0,8.8,96.0,4.2,4.0,5.0,9.0,9.0,8.0,2
729,0,20.0,3.0,4.5,5.0,5.9,75.0,8.2,2.0,1.0,8.0,6.0,5.0,0
730,1,19.0,6.0,1.8,5.0,7.2,94.0,11.0,1.0,4.0,3.0,9.0,5.0,2
731,1,19.0,3.0,2.3,3.0,6.8,80.0,5.7,0.0,0.0,6.0,10.0,3.0,2
732,0,20.0,6.0,5.9,3.0,6.5,78.0,5.7,4.0,5.0,1.0,6.0,6.0,1
733,1,20.0,8.0,6.0,9.0,9.0,75.0,6.6,4.0,2.0,2.0,1.0,7.0,1
734,0,24.0,3.0,6.4,8.0,4.6,85.0,5.1,1.0,0.0,9.0,9.0,6.0,0
735,0,21.0,5.0,5.9,10.0,8.7,74.0,7.7,4.0,5.0,8.0,6.0,2.0,0
736,0,18.0,3.0,4.4,9.0,6.5,72.0,4.5,2.0,0.0,7.0,10.0,4.0,0
737,0,20.0,2.0,6.2,6.0,7.8,68.0,6.1,4.0,5.0,4.0,10.0,9.0,2
738,1,24.0,5.0,4.1,4.0,6.9,66.0,6.1,0.0,4.0,8.0,2.0,9.0,1
739,0,19.0,8.0,4.9,6.0,9.0,97.0,6.5,0.0,5.0,6.0,7.0,3.0,2
740,0,20.0,7.0,4.3,6.0,5.5,65.0,8.5,2.0,2.0,6.0,5.0,8.0,2
741,1,19.0,8.0,4.6,7.0,5.5,93.0,9.6,2.0,1.0,7.0,7.0,3.0,0
742,1,19.0,4.0,7.8,5.0,5.6,95.0,3.3,4.0,2.0,2.0,10.0,7.0,2
743,1,18.0,7.0,7.0,5.0,5.5,91.0,8.6,1.0,4.0,8.0,10.0,3.0,0
744,1,19.0,7.0,1.1,5.0,7.8,100.0,4.6,3.0,0.0,5.0,10.0,5.0,2
745,0,22.0,8.0,6.5,4.0,6.5,66.0,5.1,0.0,1.0,5.0,5.0,8.0,1
746,1,23.0,5.0,4.2,7.0,7.5,76.0,7.2,3.0,5.0,4.0,1.0,2.0,2
747,0,21.0,2.0,6.2,10.0,9.0,88.0,3.9,4.0,3.0,10.0,7.0,5.0,0
748,0,23.0,2.0,8.2,6.0,6.7,97.0,5.2,5.0,4.0,1.0,5.0,3.0,2
749,1,19.0,6.0,2.3,8.0,6.2,73.0,8.8,2.0,1.0,1.0,5.0,6.0,1
750,0,23.0,6.0,4.7,1.0,8.8,83.0,4.1,2.0,4.0,2.0,9.0,4.0,1
751,1,24.0,2.0,5.0,10.0,4.6,75.0,7.7,4.0,2.0,6.0,5.0,5.0,0
752,0,18.0,6.0,6.8,3.0,5.9,65.0,2.0,1.0,4.0,5.0,6.0,8.0,1
753,0,20.0,3.0,5.4,2.0,7.2,78.0,7.8,1.0,4.0,4.0,4.0,9.0,1
754,1,21.0,8.0,7.5,2.0,4.9,72.0,8.4,1.0,0.0,8.0,6.0,5.0,2
755,0,19.0,8.0,7.4,10.0,3.8,98.0,7.6,2.0,1.0,5.0,1.0,2.0,0
756,1,19.0,3.0,4.0,4.0,6.4,84.0,7.7,1.0,1.0,3.0,2.0,7.0,1
757,1,18.0,1.0,4.0,8.0,5.5,92.0,7.1,0.0,1.0,2.0,1.0,9.0,1
758,1,21.0,2.0,2.8,5.0,4.9,67.0,8.4,0.0,2.0,1.0,2.0,2.0,1
759,1,22.0,4.0,2.7,3.0,7.5,87.0,7.9,0.0,0.0,3.0,5.0,10.0,1
760,0,20.0,3.0,1.5,9.0,5.5,80.0,9.4,4.0,4.0,2.0,2.0,10.0,1
761,1,22.0,4.0,3.0,4.0,5.8,83.0,7.9,1.0,4.0,1.0,2.0,4.0,1
762,0,20.0,3.0,6.6,8.0,6.1,71.0,5.8,1.0,2.0,7.0,7.0,4.0,0
763,1,21.0,2.0,7.8,6.0,9.0,72.0,9.0,3.0,0.0,9.0,3.0,8.0,2
764,0,23.0,5.0,5.2,9.0,5.3,67.0,5.3,0.0,2.0,8.0,2.0,7.0,2
765,0,21.0,5.0,6.0,8.0,7.1,79.0,9.8,4.0,3.0,5.0,7.0,4.0,0
766,1,24.0,8.0,6.3,6.0,4.2,76.0,9.1,0.0,5.0,8.0,2.0,7.0,2
767,0,22.0,2.0,3.0,2.0,5.9,74.0,7.5,3.0,3.0,10.0,2.0,3.0,2
768,1,20.0,4.0,9.0,6.0,9.0,77.0,8.2,4.0,3.0,2.0,4.0,7.0,1
769,0,20.0,5.0,4.6,7.0,7.3,87.0,8.8,3.0,5.0,10.0,7.0,8.0,0
770,0,19.0,8.0,4.4,2.0,9.0,72.0,7.5,2.0,3.0,8.0,4.0,3.0,2
771,1,18.0,1.0,6.0,2.0,7.5,96.0,7.8,5.0,0.0,3.0,7.0,10.0,1
772,0,19.0,5.0,6.7,10.0,5.6,71.0,5.9,0.0,5.0,9.0,8.0,8.0,0
773,1,20.0,8.0,2.8,8.0,7.2,97.0,8.6,2.0,4.0,6.0,9.0,9.0,2
774,1,24.0,1.0,5.9,7.0,9.0,72.0,7.0,3.0,3.0,6.0,7.0,8.0,2
775,0,18.0,1.0,6.3,3.0,4.9,100.0,6.2,5.0,2.0,3.0,8.0,7.0,2
776,1,20.0,7.0,6.4,8.0,7.8,72.0,6.4,4.0,5.0,8.0,9.0,9.0,0
777,0,21.0,3.0,4.9,9.0,4.2,68.0,6.3,3.0,2.0,8.0,10.0,7.0,0
778,0,24.0,5.0,6.8,6.0,7.4,68.0,8.0,0.0,4.0,1.0,3.0,6.0,1
779,0,24.0,1.0,5.1,6.0,6.5,89.0,5.7,0.0,3.0,6.0,6.0,7.0,2
780,0,18.0,4.0,6.4,4.0,7.1,80.0,8.0,5.0,2.0,10.0,2.0,2.0,0
781,0,18.0,6.0,3.9,3.0,3.3,66.0,9.2,4.0,2.0,1.0,8.0,7.0,2
782,0,20.0,1.0,4.0,8.0,5.2,66.0,8.4,2.0,3.0,10.0,7.0,6.0,0
783,1,24.0,8.0,4.2,2.0,8.1,78.0,8.2,2.0,3.0,9.0,6.0,3.0,2
784,0,20.0,7.0,6.4,4.0,4.5,96.0,9.4,5.0,0.0,9.0,4.0,5.0,0
785,0,18.0,5.0,5.5,10.0,5.9,90.0,7.3,1.0,4.0,2.0,10.0,2.0,0
786,0,20.0,2.0,1.4,10.0,7.1,98.0,4.9,3.0,3.0,4.0,6.0,2.0,2
787,0,22.0,5.0,2.3,7.0,4.2,99.0,9.2,2.0,1.0,7.0,7.0,5.0,0
788,0,23.0,3.0,3.7,1.0,8.8,98.0,5.9,1.0,4.0,8.0,4.0,8.0,1
789,0,23.0,7.0,1.6,10.0,4.8,68.0,9.5,4.0,1.0,6.0,8.0,3.0,0
790,1,19.0,5.0,4.7,7.0,5.7,91.0,7.3,2.0,0.0,4.0,7.0,5.0,2
791,0,23.0,3.0,6.0,5.0,8.2,80.0,9.9,3.0,1.0,2.0,3.0,4.0,1
792,1,19.0,5.0,4.3,8.0,4.5,96.0,6.2,4.0,3.0,7.0,1.0,4.0,2
793,1,20.0,3.0,5.5,1.0,5.1,81.0,5.1,2.0,5.0,9.0,3.0,1.0,2
794,0,24.0,1.0,5.7,1.0,6.4,70.0,7.1,2.0,4.0,5.0,2.0,7.0,1
795,0,23.0,2.0,3.5,7.0,6.2,73.0,5.2,1.0,0.0,10.0,9.0,2.0,0
796,0,21.0,2.0,6.8,4.0,8.1,72.0,3.3,2.0,2.0,10.0,7.0,4.0,2
797,0,19.0,3.0,3.1,2.0,4.3,76.0,5.7,1.0,2.0,8.0,7.0,5.0,2
798,1,21.0,6.0,4.8,2.0,4.3,85.0,5.2,4.0,3.0,8.0,4.0,5.0,2
799,1,20.0,8.0,3.0,6.0,6.8,84.0,7.1,0.0,5.0,10.0,1.0,1.0,2
